"CLIENT_ID","AGE","REGION","GENDER","JOB","ORGANIZATION","INCOME","MARITAL_STATUS","IP_FLAG","SME_FLAG","EMPLOYEE_FLAG","REFUGEE_FLAG","PDN"
"453","24","Ярославская","2","","ООО ""АКАДЕМИЯ""","42000","Не женат / не замужем","0","0","0","0","36.3"
"469","38","Орловская","1","","ОТДЕЛЕНИЕ ТУЛА","45000","Не женат / не замужем","0","0","0","0","31.5"
"486","32","Свердловская","1","","ООО ""ТЕПАРК""","80000","Неизвестно","0","0","0","0","28"
"489","37","Красноярский","1","","ООО ""АВТОГРАФ СТИЛЯ""","50000","Не женат / не замужем","0","0","0","0","37.1"
"514","62","Оренбургская","2","","ПЕНСИОННЫЙ ФОНД РФ","60000","Не женат / не замужем","0","0","0","0","120.6"
"531","39","Кемеровская область - Кузбасс","2","","ООО ""РУК""","80000","Не женат / не замужем","0","0","0","0","17.5"
"536","29","Калининградская","2","","ГКУ КО МФЦ","50000","Разведен / Разведена","0","0","0","0","38.2"
"568","22","Ростовская","2","","ООО ЗИМОВНИКОВСКИЙ МСО СЛЕДСТВЕННЫЙ КОМИТЕТ","30000","Не женат / не замужем","0","0","0","0","14.6"
"580","29","Ленинградская","2","","ООО ""АП СИСТЕМЫ БЕЗОПАСНОСТИ""","22000","Не женат / не замужем","0","0","0","0","96.1"
"595","30","Томская","1","","ООО ""БУРАТИНО""","42000","Женат / замужем","0","0","0","0","103"
"623","38","Тюменская","2","","САМОЗАНЯТЫЙ","50000","Женат / замужем","0","0","0","0","49.8"
"628","50","Московская","1","","АО ""НИИ НПО ""ЛУЧ""","100000","Неизвестно","0","0","0","0","61.4"
"655","37","Ярославская","1","","ИП СИГОВ","50000","Женат / замужем","0","0","0","0","6.1"
"657","47","Тюменская","2","","ООО МП АСТЕЯ","50000","Неизвестно","0","0","0","0","94.3"
"670","33","Челябинская","1","","ООО ""ММК-ИНФОРМСЕРВИС""","90000","Женат / замужем","0","0","0","0","34.7"
"672","37","Марий Эл","1","","ИП НЕХОРОШКОВ ПАВЕЛ СЕРГЕЕВИЧ","45000","Неизвестно","0","0","0","0","47.4"
"740","21","Краснодарский","2","","ПВЗ ОЗОН","85000","Женат / замужем","0","0","0","0","51.9"
"742","48","Белгородская","2","","ОАО ""СТОЙЛЕНСКИЙ ГОК""","80000","Неизвестно","0","0","0","0","13.5"
"747","22","Омская","2","","ООО ИП ЗОЛОТОРЕВ ЕВГЕНИЙ СЕРГЕЕВИЧ","70000","Не женат / не замужем","0","0","0","0","30.1"
"751","33","Московская","2","","ООО ТАЙМЕД","150000","Женат / замужем","0","0","0","0","40"
"752","38","Челябинская","1","","ПАО ММК","65000","Не женат / не замужем","0","0","0","0","45.9"
"765","49","Самарская","1","","ИНДИВИДУАЛЬНЫЙ ПРЕДПРИНИМАТЕЛЬ САЛЬНИКОВ АЛЕКСАНДР НИКОЛАЕВИЧ","200000","Женат / замужем","0","0","0","0","59.9"
"777","41","Новгородская","2","","ООО ""УСАДЬБА ПЛЮС""","100000","Женат / замужем","0","0","0","0","21.9"
"785","48","Кабардино-Балкарская","2","","ООО КОЛХОЗ ИМЕНИ САЛЫХА АТОЕВА","52200","Женат / замужем","0","0","0","0","49.2"
"794","64","Белгородская","2","","ПЕНСИОННЫЙ ФОНД РФ","51000","Неизвестно","0","0","0","0","39.7"
"1296","47","Дагестан","2","","ТД ЛЕВАШИ ОТ КИРГУ","40000","Женат / замужем","0","0","0","0","77"
"1299","55","Краснодарский","2","","ИП ВАРДАНЕСЯН","24000","Неизвестно","0","0","0","0","41.1"
"1307","37","Архангельская","2","","ООО УК ""ЖКС""","65000","Не женат / не замужем","0","0","0","0","25.8"
"1311","55","Татарстан","1","","ООО УСстрой","65000","Не женат / не замужем","0","0","0","0","27.9"
"1372","39","Москва","1","","В/Ч 33965","120000","Неизвестно","0","0","0","0","19"
"1394","23","Красноярский","2","","ИП САКОВИКОВА ЛИЛИЯ ВЛАДИМИРОВНА","15000","Не женат / не замужем","0","0","0","0","29.9"
"1397","36","Ярославская","2","","АО ""АЛЬФА-БАНК""","70000","Неизвестно","0","0","0","0","36.4"
"1407","69","Удмуртская","2","","ПФР РОССИИ","91000","Неизвестно","0","0","0","0","12.4"
"1412","33","Оренбургская","2","","ООО УФСИН РОССИИ ПО ОРЕНБУРГСКОЙ ОБЛАСТИ","53000","Неизвестно","0","0","0","0","78.4"
"1418","37","Челябинская","1","","ПАО ""ММК""","70000","Женат / замужем","0","0","0","0","82.5"
"1448","55","Дагестан","2","","МБДОУ ""ДЕТСКИЙ САД ""РАДУГА"" ОБЩЕРАЗВИВАЮЩЕГО ВИДА СЕЛ. В-КАЗАНИЩЕ","25000","Женат / замужем","0","0","0","0","29.8"
"1451","33","Карачаево-Черкесская","2","","СОЦИАЛЬНЫЙ ФОНД РФ ПО КЧР","40000","Неизвестно","0","0","0","0","24.3"
"1456","52","Пермский","2","","ИП ИЛЬЯЛОВА А.А.","90000","Неизвестно","0","0","0","0","57.2"
"1477","39","Воронежская","1","","АКА-МЕТРО","80000","Женат / замужем","0","0","0","0","8.7"
"1497","57","Архангельская","2","","ИНДИВИДУАЛЬНЫЙ ПРЕДПРИНИМАТЕЛЬ ИГНАТЕНКО ТАТЬЯНА ВИКТОРОВНА","245000","Не женат / не замужем","0","0","0","0","38.7"
"1528","26","Северная Осетия - Алания","2","","ИП АЛБОРОВ МАРАТ АНДРЕЕВИЧ","85000","Женат / замужем","0","0","0","0","115.4"
"1531","35","Московская","2","","АО АЛЬФА-БАНК","180000","Неизвестно","0","0","0","0","124.2"
"1546","25","Омская","1","","ООО ПЛАМЯ","30000","Неизвестно","0","0","0","0","31.7"
"1551","58","Московская","2","","ООО ""ГОРОДСКОЙ СУПЕРМАРКЕТ""","45000","Неизвестно","0","0","0","0","104.3"
"1552","27","Краснодарский","1","","ИП АРУТЮНОВ ЕСАИ АРТУРОВИЧ","250000","Разведен / Разведена","0","0","0","0","119.2"
"1554","38","Краснодарский","2","","КБ РЕНЕССАНС КРЕДИТ ООО","45000","Неизвестно","0","0","0","0","10.7"
"1560","34","Кировская","2","","ООО АПЕЛЬСИНКА","70000","Неизвестно","0","0","0","0","39.7"
"1564","25","Алтайский","1","","ГЛАВНОЕ УПРАВЛЕНИЕ МЧС РОССИИ ПО АЛТАЙСКОМУ КРАЮ","65000","Неизвестно","0","0","0","0","20.6"
"1601","29","Санкт-Петербург","1","","МЕХАНОБР ИНЖЕНЕРИНГ","105000","Женат / замужем","0","0","0","0","52.4"
"1614","28","Москва","1","","ООО ""НССД""","220000","Не женат / не замужем","0","0","0","0","28.3"
"1619","52","Дагестан","2","","ООО ""ЧАСТНОЕ ДЕЛО""","47350","Женат / замужем","0","0","0","0","5.3"
"1645","27","Курганская","1","","ООО ""СИМА-ЛЕНД""","150000","Не женат / не замужем","0","0","0","0","36.1"
"2678","42","Омская","2","","БУ МФЦ МОСКАЛЕНСКОГО РАЙОНА","65000","Разведен / Разведена","0","0","0","0","11.7"
"2685","32","Ростовская","1","","АО ТИНЬКОФФ БАНК","40000","Неизвестно","0","0","0","0","43.4"
"2686","43","Оренбургская","1","","ООО ГАЗОСТРОЙ","120000","Неизвестно","0","0","0","0","43.2"
"2690","33","Иркутская","2","","ООО ВЕРХНЕЛЕНСКОЕ РЕЧНОЕ ПАРОХОДСТВО","73000","Женат / замужем","0","0","0","0","14"
"2715","34","Санкт-Петербург","1","","ООО ""ПЕТРОПАРК""","250000","Женат / замужем","0","0","0","0","60.5"
"2724","47","Удмуртская","2","","ИП КУЗЬМИЧЕВА ЮЛИЯ ВАСИЛЬЕВНА","161000","Неизвестно","0","0","0","0","61.3"
"2729","30","Кемеровская область - Кузбасс","1","","ФГУП ВГСЧ ВГСВ 2","80000","Неизвестно","0","0","0","0","23.4"
"2742","30","Карачаево-Черкесская","2","","АО ""ОТП БАНК""","50000","Неизвестно","0","0","0","0","49"
"2746","44","Омская","2","","ИП ПУХАРЕНКО Н.П.","39000","Неизвестно","0","0","0","0","100.6"
"2756","47","Северная Осетия - Алания","2","","ООО ""САЛЮТ""","50000","Женат / замужем","0","0","0","0","46.5"
"2760","58","Хакасия","2","","ИП Дубиков Александр Леонидович","17000","Неизвестно","0","0","0","0","28"
"2774","36","Новосибирская","1","","ПАО ВЫМПЕЛКОММ","120000","Неизвестно","0","0","0","0","56.3"
"2776","49","Нижегородская","1","","ФГУП ""РФЯЦ - ВНИИЭФ""","130000","Женат / замужем","0","0","0","0","41.3"
"2779","70","Пермский","2","","ПФ РФ","40500","Неизвестно","0","0","0","0","52.3"
"2787","57","Северная Осетия - Алания","2","","ИП МЕЛАДЗЕ ДЖУНГЛИ ДЖУНГЛИЕВИЧ","50000","Женат / замужем","0","0","0","0","51.9"
"2788","36","Санкт-Петербург","1","","ООО ""СК ""М.ПИТЕР""","81000","Неизвестно","0","0","0","0","46.3"
"2789","45","Ульяновская","2","","ЧУЗ РЖД-БОЛЬНИЦА ГОРОД РУЗАЕВКА","48000","Женат / замужем","0","0","0","0","26.2"
"2812","41","Московская","2","","Мособлгаз","66000","Неизвестно","0","0","0","0","81.3"
"2819","32","Дагестан","1","","ИП САИДОВ БАШИР ЯРАГИЕВИЧ МАГАЗИН ""АНГАЖЕМЕНТ""","85000","Неизвестно","0","0","0","0","34.5"
"2861","44","Белгородская","2","","ИП СИЛЬВЕСТРОВА","50000","Женат / замужем","0","0","0","0","76.7"
"2866","31","Волгоградская","1","","ООО ИНТЕР МЕБЕЛЬ","25000","Неизвестно","0","0","0","0","37.4"
"2870","31","Северная Осетия - Алания","2","","ИП МИСИКОВ ГЕРМАН РОСТИСЛАВОВИЧ","69000","Не женат / не замужем","0","0","0","0","5.6"
"2878","63","Московская","1","","ГБУ ""ДОРИНВЕСТ""","72000","Женат / замужем","0","0","0","0","30.3"
"2889","51","Нижегородская","2","","ИП ЕВГРАФОВА","70000","Неизвестно","0","0","0","0","59.1"
"2895","46","Вологодская","2","","ООО ""КЛИНИКА ""ГОВОРОВО""","85000","Женат / замужем","0","0","0","0","42.1"
"2897","41","Свердловская","2","","ИП БОТАЛОВА","70000","Женат / замужем","0","0","0","0","22.3"
"3663","43","Москва","2","","ООО ""РОСИНТЕР РЕСТОРАНТС""","270000","Неизвестно","0","0","0","0","37.7"
"3668","33","Удмуртская","2","","ООО ""БЭСТ ПРАЙС""","55000","Неизвестно","0","0","0","0","36.4"
"3669","35","Красноярский","2","","ООО ""СИРЕНА""","70000","Неизвестно","0","0","0","0","29.9"
"3674","40","Краснодарский","1","","САНАТОРИЙ ЮГ","67000","Неизвестно","0","0","0","0","9.7"
"3676","41","Тюменская","2","","АНО ""СИБИНФОРМБЮРО""","90000","Неизвестно","0","0","0","0","54.6"
"3679","43","Калининградская","2","","УМВД РОССИИ ЗЕЛЕНОГРАДСКИЙ","60000","Неизвестно","0","0","0","0","11.5"
"3687","50","Ставропольский","1","","В/Ч ?2396В","40000","Неизвестно","0","0","0","0","6"
"3688","51","Приморский","2","","АО ""ВОСТОЧНЫЙ ПОРТ""","85000","Неизвестно","0","0","0","0","46.4"
"3689","63","Северная Осетия - Алания","1","","ФИЛИАЛ ООО СКО ""КУРОРТЫ ОСЕТИИ""","16000","Неизвестно","0","0","0","0","24.8"
"3691","27","Ивановская","2","","АО ""ПОЧТА БАНК""","45000","Женат / замужем","0","0","0","0","12"
"3693","51","Свердловская","1","","Служба заказа такси ""три десятки","100000","Неизвестно","0","0","0","0","22.1"
"3697","37","Московская","1","","ип киселев алексей валериевич","260000","Неизвестно","0","0","0","0","8.5"
"3698","33","Санкт-Петербург","1","","Агенство занятости населения центрального района Санкт-Петербурга","35000","Неизвестно","0","0","0","0","41.4"
"3702","49","Пермский","2","","АО ""РЕДУКТОР-ПМ""","70000","Неизвестно","0","0","0","0","78.7"
"3704","45","Тюменская","2","","Тюмень, школа 25","50000","Неизвестно","0","0","0","0","89.5"
"3705","48","Санкт-Петербург","2","","ООО ""СТД ПЛЮС""","250000","Неизвестно","0","0","0","0","23.4"
"3708","30","Московская","2","","ООО ""БНЛ-Л""","60000","Неизвестно","0","0","0","0","13.4"
"3710","34","Челябинская","2","","АО ""ПОЧТА РОССИИ""","105000","Неизвестно","0","0","0","0","28.9"
"3712","39","Северная Осетия - Алания","2","","ИП Нестеренко Андрей Александрович","30000","Неизвестно","0","0","0","0","11"
"3713","38","Хабаровский","2","","Инициатива","270000","Неизвестно","0","0","0","0","20.5"
"3716","50","Московская","2","","ООО ""НПО ""ГИДРОПРОМСЕРВИС""","90000","Неизвестно","0","0","0","0","22.4"
"3717","46","Самарская","1","","ООО ""КОМФОРТ АВТОГРАД""","100000","Неизвестно","0","0","0","0","22.8"
"3720","39","Ставропольский","2","","МБДОУ Д/С № 4 ""РАДУГА""","25000","Неизвестно","0","0","0","0","46.4"
"4776","64","Оренбургская","1","","ООО УТТ И СТ","10000","Неизвестно","0","0","0","0","32.2"
"4787","24","Москва","1","","КБ ""РЕНЕССАНС КРЕДИТ"" (ООО)","70000","Неизвестно","0","0","0","0","6.9"
"4790","41","Башкортостан","2","","РЕСПУБЛИКАНСКАЯ КЛИНИЧЕСКАЯ БОЛЬНИЦА ИМ. Г.Г.КУВАТОВА","50000","Разведен / Разведена","0","0","0","0","27.4"
"4793","35","Кемеровская область - Кузбасс","2","","ООО РЕГИОНСЕРВИС","200000","Не женат / не замужем","0","0","0","0","19.5"
"4807","29","Свердловская","1","","ООО ТД ""СИМА-ЛЕНД""","80000","Неизвестно","0","0","0","0","32.5"
"4820","56","Москва","1","","АО ТЕРЕМОК ИНВЕСТ","165000","Неизвестно","0","0","0","0","40.6"
"4826","42","Москва","2","","ГБУЗ ""МОРОЗОВСКАЯ ДГКБ ДЗМ""","100000","Разведен / Разведена","0","0","0","0","56.6"
"4832","34","Дагестан","2","","ООО ""МАСТЕРСКАЯ""","80000","Неизвестно","0","0","0","0","116.9"
"4846","52","Москва","2","","ЗАО ББК КАЛОМЕНСКИЙ","113000","Неизвестно","0","0","0","0","15.8"
"4867","30","Нижегородская","1","","ПАО СБЕРБАНК","55000","Женат / замужем","0","0","0","0","57.2"
"4875","43","Новосибирская","2","","АО ""Р-ВАСКУЛЯР""","60000","Неизвестно","0","0","0","0","78.3"
"4878","42","Москва","2","","ООО ""ЭЛЕКТРОРЕШЕНИЯ""","90000","Женат / замужем","0","0","0","0","4.4"
"4882","38","Ростовская","1","","ОАО ""РЖД""","55000","Женат / замужем","0","0","0","0","34.9"
"4898","52","Калужская","1","","ООО ""САНТЕХНИКА И РЕМОНТ""","60000","Разведен / Разведена","0","0","0","0","14.3"
"4903","53","Пензенская","1","","ООО АГАТ ТРАНС","50000","Неизвестно","0","0","0","0","125"
"4913","43","Пензенская","2","","КБ ?Ренессанс Кредит? (ООО)","60000","Неизвестно","0","0","0","0","39.2"
"4916","49","Дагестан","2","","ООО ГОРОДСКАЯ КЛИНИЧЕСКАЯ БОЛЬНИЦА №1","30000","Неизвестно","0","0","0","0","28.5"
"4933","35","Астраханская","1","","ООО ""ДНС-РИТЕЙЛ""","43000","Не женат / не замужем","0","0","0","0","45"
"4934","58","Москва","2","","МИНИСТЕРСТВО ПРИРОДНЫХ РЕСУРСОВ И ЭКОЛОГИИ РОССИЙСКОЙ ФЕДЕРАЦИИ","140000","Неизвестно","0","0","0","0","47.9"
"4936","49","Курганская","1","","АО ВАРГАШИНСКОЕ ДРСП","35000","Не женат / не замужем","0","0","0","0","23.8"
"4979","50","Башкортостан","2","","ООО ""ТОРГСЕРВИС 102""","40000","Неизвестно","0","0","0","0","17.9"
"4992","43","Красноярский","1","","ООО ""СОЮЗ""","120000","Женат / замужем","0","0","0","0","99.9"
"5013","58","Нижегородская","2","","ГБУЗ НО ""СЕМЕНОВСКАЯ ЦРБ""","30000","Женат / замужем","0","0","0","0","55.7"
"5030","41","Северная Осетия - Алания","2","","ООО ""ВЛАДИКАВКАЗ РИТЕЙЛ ЦЕНТР ГЛОБУС""","70000","Не женат / не замужем","0","0","0","0","45.1"
"5040","56","Липецкая","1","","ИНТЕРАКТИВНЫЙ БАНК","70000","Неизвестно","0","0","0","0","82.6"
"5086","33","Московская","2","","ООО РЕНЕССАНС КРЕДИТ","70000","Женат / замужем","0","0","0","0","19.6"
"5087","42","Башкортостан","1","","ИП ШИПИЛИН МАКСИМ КОНСТАНТИНОВИЧ","90000","Неизвестно","0","0","0","0","70.2"
"5089","45","Брянская","2","","ООО "" ДРУЖБА-2""","45000","Женат / замужем","0","0","0","0","60.9"
"5096","47","Челябинская","2","","ПАО ММК","50000","Женат / замужем","0","0","0","0","17.1"
"5129","32","Рязанская","2","","СТУДИЯ МАНИКЮРА ЛЕНЫ ЛЕНИНОЙ","80000","Неизвестно","0","0","0","0","32.7"
"5167","37","Москва","2","","М РИЗОН","85000","Женат / замужем","0","0","0","0","57.1"
"5842","38","Марий Эл","2","","ООО СЕТЬ СВЯЗНОЙ","45000","Женат / замужем","0","0","0","0","57.6"
"5843","34","Московская","2","","АО ""ПОЧТА БАНК""","100000","Неизвестно","0","0","0","0","68.2"
"5861","40","Московская","1","","АВТО-АГРО","130000","Не женат / не замужем","0","0","0","0","33.8"
"5871","30","Смоленская","2","","МАРМЕЛАДНЫЙ ОСТРОВ","250000","Женат / замужем","0","0","0","0","36.1"
"5886","61","Калужская","2","","КАЛУЖСКИЙ ХЛЕБОКОМБИНАТ","33000","Неизвестно","0","0","0","0","30.5"
"5894","26","Нижегородская","1","","ТО ""АВТО 152""","50000","Женат / замужем","0","0","0","0","6.6"
"5896","57","Оренбургская","2","","ГБУЗ ""ООКОД""","50000","Не женат / не замужем","0","0","0","0","49"
"5959","55","Северная Осетия - Алания","1","","ИП ЦГОЕВ ХАЗБИ МУХАЗЫРОВИЧ","105000","Неизвестно","0","0","0","0","42.6"
"5969","52","Омская","2","","АО ""ГК ""ТИТАН""","70000","Не женат / не замужем","0","0","0","0","39.9"
"5984","40","Удмуртская","2","","ООО ""НМАРКЕТ УРАЛ""","105000","Не женат / не замужем","0","0","0","0","15.9"
"6003","48","Хабаровский","2","","МБОУ ООШ №21","90000","Женат / замужем","0","0","0","0","27.1"
"6069","40","Кемеровская область - Кузбасс","1","","ООО СИБИРСКИЙ ИНСТИТУТ ГОРНОГО ДЕЛА","75000","Не женат / не замужем","0","0","0","0","53.3"
"6080","40","Белгородская","2","","ПАО СБЕРБАНК","98000","Женат / замужем","0","0","0","0","15.3"
"6085","68","Ульяновская","2","","ПЕНСИОНННЫЙ ФОНД РФ","20000","Неизвестно","0","0","0","0","70.3"
"6087","31","Ульяновская","1","","ООО ""ВАЙЛДБЕРРИЗ""","80000","Неизвестно","0","0","0","0","86.4"
"6096","69","Кабардино-Балкарская","1","","ПФР","53800","Неизвестно","0","0","0","0","30.7"
"6119","53","Дагестан","1","","такси ""Эконом"".такси"" Яндекс""","122000","Женат / замужем","0","0","0","0","6.7"
"6124","51","Новосибирская","2","","ООО"" АГРОТОРГ ""","35500","Не женат / не замужем","0","0","0","0","91.5"
"6139","36","Алтайский","1","","СИБАВТОТРАНС","90000","Разведен / Разведена","0","0","0","0","40"
"6146","38","Санкт-Петербург","2","","АО ЗАВОД УНИВЕРСАЛМАШ","140000","Женат / замужем","0","0","0","0","57.6"
"6153","32","Москва","1","","ООО ""Х5-РИТЕЙЛ ГРУПП""","120000","Неизвестно","0","0","0","0","4.7"
"6159","51","Курганская","1","","ИП БИНДЮК Б.А. АВТОМОЙКА","45000","Неизвестно","0","0","0","0","24.7"
"6169","31","Московская","2","","ИП БАШМАКОВ Н.Н.","60000","Неизвестно","0","0","0","0","59.1"
"6177","28","Удмуртская","1","","ОАО","47000","Женат / замужем","0","0","0","0","45.7"
"6193","50","Калининградская","2","","ООО ""МЯГКОЕ МЕСТО 39""","60000","Разведен / Разведена","0","0","0","0","53.5"
"6194","44","Свердловская","2","","ГАУ ""КЦСОН ТАГИЛСТРОЕВСКОГО РАЙОНА Г. НИЖНИЙ ТАГИЛ""","37000","Неизвестно","0","0","0","0","18.4"
"6213","42","Москва","1","","ООО ""ХКФ БАНК""","250000","Женат / замужем","0","0","0","0","59.4"
"6216","34","Самарская","1","","ООО ""РОКИРОКС""","30000","Неизвестно","0","0","0","0","13.3"
"6220","37","Башкортостан","2","","МОАУ СОШ №7","47000","Неизвестно","0","0","0","0","106.7"
"6233","60","Тверская","1","","ООО ООО РОСАГРА","150000","Женат / замужем","0","0","0","0","31.9"
"6237","53","Краснодарский","1","","ООО АРМА","55000","Неизвестно","0","0","0","0","44.8"
"6240","54","Новосибирская","1","","ООО ""ЭВРИКА""","70000","Неизвестно","0","0","0","0","18.5"
"6242","35","Адыгея","2","","КБ ""РЕНЕССАНС КРЕДИТ"" (ООО)","25000","Неизвестно","0","0","0","0","44.5"
"6281","40","Дагестан","2","","МАГАЗИН ТУРЕЦКОЙ ОБУВИ","20000","Женат / замужем","0","0","0","0","34.1"
"6292","56","Калининградская","2","","МАДОУ ДС 125","60000","Женат / замужем","0","0","0","0","69.4"
"6293","57","Санкт-Петербург","1","","ФКУ ""ЕРЦ МО РФ""","100000","Неизвестно","0","0","0","0","21"
"6329","28","Москва","2","","ООО ЛИВАЙС","195000","Не женат / не замужем","0","0","0","0","32.4"
"6332","40","Алтайский","1","","ООО ПЕРВАЯ ОБЪЕДИНЕННАЯ ШИННАЯ КОМПАНИЯ","60000","Неизвестно","0","0","0","0","39.6"
"6334","59","Санкт-Петербург","1","","ГАЗПРОМ ТРАНСГАЗ СПБ","100000","Неизвестно","0","0","0","0","26.5"
"6346","33","Краснодарский","2","","САМОЗАНЯТЫЙ","100000","Неизвестно","0","0","0","0","12.8"
"6356","66","Краснодарский","1","","ПФ РФ","70000","Неизвестно","0","0","0","0","19.2"
"6366","27","Краснодарский","2","","ООО ""ТАНДЕР""","55000","Женат / замужем","0","0","0","0","38.1"
"6373","23","Красноярский","2","","ООО ""ЕНИСЕЙ ПИЦЦА""","60000","Неизвестно","0","0","0","0","72.5"
"6389","49","Пермский","1","","ООО ""ЖИЛДОРСЕРВИС""","80000","Разведен / Разведена","0","0","0","0","68.9"
"6396","52","Оренбургская","2","","ЗАО ""ВИКТОРИЯ ТЕКС""","70000","Неизвестно","0","0","0","0","97.5"
"6403","47","Татарстан","1","","ПЕНСИОННЫЙ ФОНД РФ","57000","Не женат / не замужем","0","0","0","0","82"
"6414","62","Башкортостан","1","","ООО ""СОЖ+""","118500","Неизвестно","0","0","0","0","73.9"
"6415","44","Хакасия","1","","ИП БОРИСОВ ВЛАДИМИР ЯКОВЛЕВИЧ","85000","Не женат / не замужем","0","0","0","0","62.1"
"6419","53","Ростовская","2","","АНО ЦСОН ПРОЛЕТАРСКОГО РАЙОНА","70000","Вдовец / Вдова","0","0","0","0","62.1"
"6424","52","Ивановская","2","","МБОУ ЛЕЖНЕВСКАЯ СШ 11","65000","Женат / замужем","0","0","0","0","101.9"
"6467","34","Московская","2","","ЗАО МОСКВА ЯНДЕКС","58500","Неизвестно","0","0","0","0","36.4"
"6483","55","Краснодарский","2","","ООО ""ПАРИТЕТ""","80000","Не женат / не замужем","0","0","0","0","23.9"
"6500","57","Нижегородская","1","","ДВОРЕЦ СПОРТА НАГОРНЫЙ","30000","Разведен / Разведена","0","0","0","0","35.6"
"6508","34","Челябинская","1","","ООО МРК","100000","Женат / замужем","0","0","0","0","73.9"
"6510","55","Приморский","2","","ИП СТАРОВОЙТ","90000","Разведен / Разведена","0","0","0","0","31"
"6512","22","Санкт-Петербург","1","","ООО ДНСРИТЕЙЛ","75000","Не женат / не замужем","0","0","0","0","24.7"
"6524","23","Башкортостан","2","","ГУП ""БАШАВТОТРАНС"" РБ","50000","Не женат / не замужем","0","0","0","0","65.5"
"6526","21","Волгоградская","2","","МОУ СШ №13","24000","Не женат / не замужем","0","0","0","0","31"
"6529","23","Брянская","1","","ИП ПОЗДНЯКОВ И.Л.","50000","Не женат / не замужем","0","0","0","0","7.7"
"6535","24","Владимирская","1","","ООО ""ВЛАДИМИРОВ И ПАРТНЕР""","35000","Не женат / не замужем","0","0","0","0","7.2"
"6537","22","Хакасия","1","","ООО ИСО","130000","Не женат / не замужем","0","0","0","0","25.7"
"6542","50","Краснодарский","1","","ООО АМБАРЦУМЯН ЭРИК АМАЯКОВИЧ","50000","Женат / замужем","0","0","0","0","43.4"
"6547","53","Краснодарский","2","","ПЕНСИОННЫЙ ФОНД РФ","21000","Не женат / не замужем","0","0","0","0","13"
"6550","42","Санкт-Петербург","2","","ООО ООО САТУРН","60000","Не женат / не замужем","0","0","0","0","128"
"6551","35","Брянская","1","","ИП ПАВЛИКОВА О И","45000","Не женат / не замужем","0","0","0","0","49.1"
"6555","53","Башкортостан","2","","АО БСК","35000","Женат / замужем","0","0","0","0","22.9"
"6656","47","Дагестан","1","","ИП ЭЛЬ НАДЖАР РАБИХ","85000","Женат / замужем","0","0","0","0","35.2"
"6707","26","Московская","2","","ООО САМОЗАНЯТЫЙ","85000","Женат / замужем","0","0","0","0","21.2"
"6807","21","Карачаево-Черкесская","2","","ИП ГОЧИЯЕВА АСИЯТ АДАМОВНА","450000","Не женат / не замужем","0","0","0","0","92.7"
"6837","45","Иркутская","2","","МУП ИРКУТСКАВТОДОР","37000","Женат / замужем","0","0","0","0","37.6"
"6842","23","Удмуртская","1","","ИП ЧИРКОВ АЛЕКСЕЙ ИГОРЕВИЧ","35000","Не женат / не замужем","0","0","0","0","39.6"
"7043","22","Белгородская","2","","ООО ЯСТРО","75000","Женат / замужем","0","0","0","0","47.7"
"7046","21","Саратовская","1","","ООО ""ИНСТАМАРТ СЕРВИС""","30000","Не женат / не замужем","0","0","0","0","5.1"
"7051","63","Приморский","1","","ООО ОА ""ГЕПАРД-СЕКЬЮРИТИ""","49000","Разведен / Разведена","0","0","0","0","41"
"7089","50","Чеченская","2","","ИП ДЖАВАТХАНОВА Л.В.","75000","Женат / замужем","0","0","0","0","145.9"
"7150","43","Челябинская","2","","КАФЕ ЛЯБУШЕРИ","30000","Женат / замужем","0","0","0","0","26.5"
"7280","25","Башкортостан","2","","АО УЧАЛИНСКИЙ ГОК","35000","Женат / замужем","0","0","0","0","19.1"
"7587","22","Вологодская","2","","ПОЧТА РОССИИ","25000","Не женат / не замужем","0","0","0","0","110.8"
"7599","23","Краснодарский","1","","ООО ""КРОП - ПИВО""","37800","Не женат / не замужем","0","0","0","0","14.5"
"7829","55","Северная Осетия - Алания","1","","МУП ""ВЛАДСТОК""","30000","Женат / замужем","0","0","0","0","46.1"
"7961","29","Чеченская","2","","ООО ""ИНЖЕНЕРИЯ""","45000","Не женат / не замужем","0","0","0","0","99.3"
"7975","65","Пермский","1","","ИП НЕВОСТРУЕВ СТАНИСЛАВ ВЕНИАМИНОВИЧ","70000","Женат / замужем","0","0","0","0","34.6"
"8014","21","Московская","2","","НАО ДИКСИ ГРУПП","65000","Женат / замужем","0","0","0","0","25.4"
"8091","25","Курганская","2","","ИП БАЛАБАНОВ ЕВГЕНИЙ ВЛАДИМИРОВИЧ","50000","Разведен / Разведена","0","0","0","0","60.3"
"8134","39","Приморский","1","","ООО АГРО РК","40000","Не женат / не замужем","0","0","0","0","99.2"
"8246","59","Москва","2","","ПЕНСИОННЫЙ ФОНД РФ","24045","Не женат / не замужем","0","0","0","0","30"
"8338","24","Москва","2","","ООО НОУДО СДЮШОР ЛУЧ ПО ЛЁГКОЙ АТЛЕТИКЕ","60000","Гражданский брак","0","0","0","0","52.2"
"8466","22","Алтайский","2","","АО АЛТАЙВАГОН","37000","Женат / замужем","0","0","0","0","13"
"8788","34","Челябинская","2","","МОБУ СОШ 44 Г СОЧИ","25000","Не женат / не замужем","0","0","0","0","52.8"
"8964","26","Краснодарский","2","","ООО ""РЕГЕНТ ГОЛД""","60000","Разведен / Разведена","0","0","0","0","55.1"
"9056","37","Мурманская","1","","В/Ч 90829","114000","Неизвестно","0","0","0","0","30.8"
"9087","23","Красноярский","2","","КГБУЗ ""КМКБ № 20 ИМ. И.С. БЕРЗОНА""","30000","Не женат / не замужем","0","0","0","0","13.7"
"9151","48","Иркутская","2","","ООО МАЯК СЛАТА","50000","Неизвестно","0","0","0","0","18.5"
"9220","50","Курская","2","","КУРСКИЙ ФИЛИАЛ АСЭ","81000","Неизвестно","0","0","0","0","24.6"
"9268","23","Марий Эл","2","","МОУ ""СШ 4""","60000","Неизвестно","0","0","0","0","38.7"
"9279","36","Кемеровская область - Кузбасс","2","","НШСМУ №6","50000","Неизвестно","0","0","0","0","107.2"
"9589","52","Нижегородская","2","","ГБУЗ НО ЦГБ ДЕТСКАЯ ПОЛЛИКЛИННИКА","67100","Неизвестно","0","0","0","0","67.7"
"9628","36","Приморский","2","","ООО БАРС","50000","Не женат / не замужем","0","0","0","0","26"
"9733","59","Мурманская","1","","ПФР","87000","Неизвестно","0","0","0","0","36.9"
"9871","23","Башкортостан","2","","ООО ЯНДЕКС.ЕДА","35000","Не женат / не замужем","0","0","0","0","22.6"
"9898","23","Пермский","1","","ПАО МОСКОВСКИЙ КРЕДИТНЫЙ БАНК","50000","Не женат / не замужем","0","0","0","0","24.5"
"9932","38","Липецкая","2","","ИП АПИНЯН . А. В","59000","Разведен / Разведена","0","0","0","0","90.7"
"10081","60","Дагестан","2","","ПЕНСИОННЫЙ ФОНД РОССИИ ПО РД","42000","Женат / замужем","0","0","0","0","85.9"
"10139","25","Дагестан","2","","ООО ""МАГАЗИН № 29 ""ТОВАРЫ БЫТОВОЙ ХИМИИ""","65000","Разведен / Разведена","0","0","0","0","31.8"
"10306","51","Оренбургская","2","","ООО ГАЗПРОМ МЕЖРЕГИОНГАЗ ОРЕНБУРГ","57000","Неизвестно","0","0","0","0","60.1"
"10473","49","Ханты-Мансийский Автономный округ - Югра","2","","ИП ДЕМЬЯНЕНКО М.Г.","78000","Неизвестно","0","0","0","0","44.1"
"10501","47","Чувашская Республика -","2","","ИП ДЮЖЕВА ОЛЬГА НИКОЛАЕВНА","350000","Неизвестно","0","0","0","0","220.9"
"10602","22","Москва","2","","НАО СК СЕРВИС","60000","Не женат / не замужем","0","0","0","0","21.9"
"10652","29","Санкт-Петербург","2","","ООО ГЕЙМЛУТИНГ","140000","Неизвестно","0","0","0","0","85.5"
"10660","24","Санкт-Петербург","2","","ООО ""О`КЕЙ""","80000","Женат / замужем","0","0","0","0","48.8"
"10863","26","Пермский","2","","ПАО НПО ""ИСКРА""","20000","Женат / замужем","0","0","0","0","26.5"
"11014","33","Башкортостан","1","","ФИЛИАЛ ООО ""ГАЗПРОМ БУРЕНИЕ""","90000","Женат / замужем","0","0","0","0","8.9"
"11044","26","Белгородская","2","","ООО ""МПЗ АГРО-БЕЛОГОРЬЕ""","40000","Женат / замужем","0","0","0","0","77.7"
"11145","49","Тюменская","2","","ИП Соснина Светлана Владимировна","150000","Неизвестно","0","0","0","0","80"
"11293","24","Омская","2","","БУЗОО ""КРУТИНСКАЯ ЦРБ ИМ. ПРОФЕССОРА А.В. ВИШНЕВСКОГО""","35000","Женат / замужем","0","0","0","0","50.9"
"11641","40","Нижегородская","1","","ООО ЛМК","45000","Разведен / Разведена","0","0","0","0","71.5"
"11825","37","Московская","1","","ООО ""ПП УНИКОН""","80000","Неизвестно","0","0","0","0","98.2"
"12040","27","Северная Осетия - Алания","1","","ФИЛИАЛ ВЛАДИКАВКАЗСКИЙ ЛО МВД РОССИИ НА ТРАНСПОРТЕ (Г МОЗДОК)","95000","Женат / замужем","0","0","0","0","80.1"
"12282","22","Ульяновская","1","","ООО ""СЕРВИСГАЗ""","60000","Не женат / не замужем","0","0","0","0","15.8"
"12412","44","Дагестан","1","","АДАМ ИНТЕРНЭШНЛ","50000","Не женат / не замужем","0","0","0","0","5.1"
"12586","36","Удмуртская","1","","ООО ""СТРОЙКОМ""","50000","Женат / замужем","0","0","0","0","72.5"
"12735","29","Дагестан","2","","САДИК РАДУГА","95000","Женат / замужем","0","0","0","0","50.2"
"12811","56","Амурская","2","","ООО ""АМУРСКИЙ ПАРТИЗАН""","25850","Женат / замужем","0","0","0","0","31.9"
"12871","21","Башкортостан","2","","АО ""ВИТ""","65000","Не женат / не замужем","0","0","0","0","6.3"
"13057","34","Оренбургская","2","","МУ МВД РОССИИ ""ОРЕНБУРГСКОЕ""","57000","Не женат / не замужем","0","0","0","0","60.4"
"13070","21","Чеченская","2","","ООО ИНТЕР","45000","Не женат / не замужем","0","0","0","0","41.1"
"13087","42","Владимирская","2","","ООО АЛЬБИОН-2002","50000","Женат / замужем","0","0","0","0","143.5"
"13578","26","Тыва","2","","ООО ""ОЛДЖЕТ""","40000","Не женат / не замужем","0","0","0","0","91.7"
"13638","21","Свердловская","2","","ООО ""АТМОСФЕРА""","50000","Не женат / не замужем","0","0","0","0","16.8"
"13915","37","Москва","2","","ООО ДИРЕКТ ГРУПП","155000","Женат / замужем","0","0","0","0","39.2"
"13966","61","Москва","2","","ИП МОИСЕЕВА ТАТЬЯНА ВИКТОРОВНА","130000","Женат / замужем","0","0","0","0","111.4"
"13988","22","Дагестан","1","","ГБУЗ НО ""НОКБ ИМ. Н.А.СЕМАШКО""","42000","Не женат / не замужем","0","0","0","0","66.9"
"14070","29","Татарстан","2","","ИП АНОХИНА НАТАЛЬЯ НИКОЛАЕВНА","45000","Не женат / не замужем","0","0","0","0","15.9"
"14956","25","Камчатский","2","","ООО ""МАЛЕНЬКАЯ СТРАНА""","65000","Женат / замужем","0","0","0","0","18.3"
"15269","21","Курская","1","","ИП ПИКАЛОВ ЭДУАРД ИВАНОВИЧ","25000","Не женат / не замужем","0","0","0","0","17.7"
"16573","56","Чеченская","1","","ГРОЗНЕНСКИЙ МУНИЦИПАЛЬНЫЙ РАЙОН","89000","Неизвестно","0","0","0","0","67.3"
"16629","33","Ханты-Мансийский Автономный округ - Югра","1","","ПАО СУРГУТНЕФТЕГАЗ","90000","Женат / замужем","0","0","0","0","59.6"
"17457","41","Кемеровская область - Кузбасс","2","","МБДОУ ДЕТСКИЙ САД №4","35000","Неизвестно","0","0","0","0","100.1"
"17521","41","Новосибирская","2","","ООО ДА ВИНЧИ","27000","Не женат / не замужем","0","0","0","0","325"
"17970","21","Дагестан","2","","МВД ПО СОВЕТСКОМУ РАЙОНУ","140000","Не женат / не замужем","0","0","0","0","113.2"
"18298","23","Иркутская","2","","ООО ""ЧУНАЛЕС""","35000","Женат / замужем","0","0","0","0","51.5"
"18307","26","Северная Осетия - Алания","2","","ООО ""ГИГАНТ""","95025","Женат / замужем","0","0","0","0","128.6"
"18427","32","Московская","1","","ООО КОМПАНИЯ АДЕЛЬ ГРУПП","100000","Неизвестно","0","0","0","0","62"
"18507","35","Московская","2","","""ООО ""ЦЕНТР НОВЫХ ТЕХНОЛОГИИ","58000","Женат / замужем","0","0","0","0","45.6"
"18800","43","Марий Эл","1","","АВТОСЕРВИС В СТРОГИНО","50000","Женат / замужем","0","0","0","0","26.1"
"19339","43","Чувашская Республика -","2","","ГУ АО ПОЧТА РОССИИ","45000","Женат / замужем","0","0","0","0","55.5"
"19366","41","Северная Осетия - Алания","1","","ГЛАВНОЕ УПРАВЛЕНИЕ МЧС РОССИИ ПО РЕСПУБЛИКЕ СЕВЕРНАЯ ОСЕТИЯ-АЛАНИЯ","120000","Разведен / Разведена","0","0","0","0","15.5"
"19807","40","Удмуртская","1","","ОАО РЖД","45000","Неизвестно","0","0","0","0","27.8"
"20847","62","Ленинградская","1","","СЗИО РАНХИГС","70000","Женат / замужем","0","0","0","0","80.3"
"21011","64","Иркутская","2","","ПФР","35000","Неизвестно","","","0","0","42.7"
"21614","25","Иркутская","2","","ООО ОА ""СТАТУС""","98000","Неизвестно","0","0","0","0","27.9"
"21855","50","Московская","2","","ООО МИРОТОРГ","60000","Не женат / не замужем","0","0","0","0","110.4"
"22545","36","Ямало-Ненецкий","2","","ООО ПФ НЫДА - РЕСУРС","35000","Разведен / Разведена","0","0","0","0","6.5"
"23307","24","Ханты-Мансийский Автономный округ - Югра","1","","ПАО СУРГУТНЕФТЕГАЗ УКРНО","100000","Не женат / не замужем","0","0","0","0","8.9"
"23552","58","Татарстан","2","","ИП АГЕНСТВО НЕДВИЖИМОСТИ ""АЛЬТЕРНАТИВА""","80000","Неизвестно","0","0","0","0","21.8"
"24297","27","Кемеровская область - Кузбасс","1","","ПО ППО РАЗРЕЗ ВИНОГРАДОВСКИЙ ФИЛИАЛ ОАО КУЗБАССКАЯ ТОПЛИВНАЯ КОМПАНИЯ","80000","Не женат / не замужем","0","0","0","0","97.7"
"24331","38","Московская","2","","ООО ТИАР ПРОДЖЕКТ","150000","Неизвестно","0","0","0","0","23.2"
"24339","61","Челябинская","2","","ПЕНСИОННЫЙ ФОНД РФ","25000","Не женат / не замужем","0","0","0","0","41.5"
"24350","38","Архангельская","1","","ООО ""ОКНА ДИСКАВЕРИ""","78000","Неизвестно","0","0","0","0","69.6"
"24352","49","Новосибирская","2","","АО ""ЭЛЕКТРОМАГИСТРАЛЬ""","200000","Неизвестно","0","0","0","0","34.7"
"24362","32","Москва","1","","ООО ""ЕВРОСЕТЬ-РИТЕЙЛ""","75000","Неизвестно","0","0","0","0","9.9"
"24373","28","Воронежская","2","","ООО ""АВС ЦЕНТР""","90000","Неизвестно","0","0","0","0","42.7"
"24415","43","Ленинградская","1","","ИП ПОЛУЭКТОВ Т.А","170000","Женат / замужем","0","0","0","0","80.5"
"24419","32","Краснодарский","2","","ООО АШАН","120000","Женат / замужем","0","0","0","0","47.2"
"24420","26","Татарстан","1","","УФПС ТАТАРСТАН ПОЧТАСЫ","100000","Женат / замужем","0","0","0","0","22.4"
"24425","47","Краснодарский","2","","ИП НАСОНОВА АННА ВЯЧЕСЛАВОВНА","130000","Разведен / Разведена","0","0","0","0","79.6"
"24438","33","Кабардино-Балкарская","2","","МКОУ ДЕТСКИЙ САД №68 ДОШКОЛЬНАЯ СТУПЕНЬ","50000","Женат / замужем","0","0","0","0","68"
"24441","31","Карачаево-Черкесская","2","","пао сбербанк","180000","Разведен / Разведена","0","0","0","0","26.4"
"24444","34","Краснодарский","1","","УЧРЕЖДЕНИЕ ГБУ КК МСК","28000","Не женат / не замужем","0","0","0","0","26.1"
"24471","46","Башкортостан","1","","ООО ""СОЮЗ ГРУПП""","90000","Неизвестно","0","0","0","0","17.3"
"24477","52","Самарская","1","","АДМИНИСКАЦИЯ КУЙБЫШЕВСКОГО РАЙОНА","60400","Неизвестно","0","0","0","0","48.7"
"24480","77","Самарская","2","","ПЕНСИОННЫЙ ФОНД РФ","32800","Вдовец / Вдова","0","0","0","0","58.3"
"24521","39","Кемеровская область - Кузбасс","2","","ООО ""БРОКУР""","40000","Не женат / не замужем","0","0","0","0","14.5"
"24525","40","Челябинская","2","","ГАУЗ СП 6","51500","Разведен / Разведена","0","0","0","0","15"
"24561","53","Кабардино-Балкарская","2","","МКОУ ""СОШ №1 ИМ.ПАШТОВА С.А. Г.БАКСАНА""","25000","Женат / замужем","0","0","0","0","31.4"
"24563","42","Калининградская","2","","АО ПОЧТА БАНК","70000","Не женат / не замужем","0","0","0","0","105.2"
"24567","43","Тверская","2","","УФСБ РОССИИ ПО ТВЕРСКОЙ ОБЛАСТИ","94000","Неизвестно","0","0","0","0","34.6"
"24572","37","Амурская","2","","ПАО СБЕРБАНК","110000","Неизвестно","0","0","0","0","63.6"
"24588","62","Челябинская","2","","ИП АБРАМОВА Р Г","45000","Не женат / не замужем","0","0","0","0","82.9"
"24609","53","Ивановская","2","","ООО ШВЕЙНАЯ ФАБРИКА №1","40000","Неизвестно","0","0","0","0","47.2"
"24631","41","Башкортостан","1","","ООО РЕСТОР","90000","Неизвестно","0","0","0","0","12.5"
"24660","42","Сахалинская","2","","СБЕРБАНК","55000","Разведен / Разведена","0","0","0","0","144.8"
"24675","38","Москва","1","","ООО ЧОО КОНТРКРИМИНАЛ ЗАЩИТА","50000","Неизвестно","0","0","0","0","16.7"
"24725","51","Татарстан","2","","ООО ЛАВЭНЕ","60000","Неизвестно","0","0","0","0","58.1"
"24732","47","Кировская","2","","ПАРИКМАХЕРСКАЯ ?ВИРТУАЛЬ?","75000","Неизвестно","0","0","0","0","27.4"
"24746","30","Хабаровский","1","","ООО ""ВЕЗА""","120000","Женат / замужем","0","0","0","0","41.3"
"24748","34","Волгоградская","2","","ГБУЗ ГОРОДИЩЕНСКАЯ ЦРБ","20000","Женат / замужем","0","0","0","0","29.9"
"24752","38","Удмуртская","2","","ПАО СБЕРБАНК","128000","Неизвестно","0","0","0","0","48.9"
"24758","30","Башкортостан","2","","ИП Просвирнов Сергей Алексеевич","74000","Женат / замужем","0","0","0","0","42.2"
"24759","49","Ростовская","2","","МФСОО ""ФПМ""","200000","Женат / замужем","0","0","0","0","173.2"
"24761","24","Курганская","2","","ооо золото урала","54000","Женат / замужем","0","0","0","0","90.2"
"24769","26","Челябинская","2","","МКОУ СОШ 42","45000","Женат / замужем","0","0","0","0","65.8"
"24770","21","Нижегородская","2","","ООО ВОЛГА","52000","Не женат / не замужем","0","0","0","0","24.4"
"24774","44","Воронежская","2","","ООО ОВОЩНАЯ ГРЯДКА","40000","Вдовец / Вдова","0","0","0","0","38.3"
"24775","48","Челябинская","1","","ООО ""ОСК""","75000","Неизвестно","0","0","0","0","44.2"
"24778","25","Кабардино-Балкарская","1","","ОАО АПК ""ЮГ-АГРО""","35000","Не женат / не замужем","0","0","0","0","20"
"24782","27","Москва","2","","АО ""ТЕЛАЗ""","73000","Женат / замужем","0","0","0","0","29"
"24789","36","Оренбургская","2","","ООО ФАБРИКА КУХНЯ","150000","Женат / замужем","0","0","0","0","72.1"
"24812","23","Ставропольский","2","","ООО ТАМЕРЛАН","200000","Не женат / не замужем","0","0","0","0","51"
"24814","27","Северная Осетия - Алания","2","","ИП АНДРОНИКЯН АКОП АВТАНДИЛОВИЧ","950000","Не женат / не замужем","0","0","0","0","36.2"
"24819","22","Самарская","1","","НАО ЗАВОД ИМЕНИ П.Д. КУЗНЕЦОВА","20000","Не женат / не замужем","0","0","0","0","9.8"
"24823","21","Иркутская","2","","ОГБУЗ ИОКБ","30000","Не женат / не замужем","0","0","0","0","49.7"
"24825","32","Краснодарский","2","","АО ТАНДЕР","75000","Неизвестно","0","0","0","0","31.6"
"25233","25","Кемеровская область - Кузбасс","1","","ОАО ""РЖД""","40000","Не женат / не замужем","0","0","0","0","65.5"
"25352","32","Пермский","2","","ПФ ПАО ""ВЫМПЕЛ-КОММУНИКАЦИИ""","27000","Не женат / не замужем","0","0","0","0","44.7"
"25720","22","Краснодарский","2","","ООО ""САКУРА""","40000","Не женат / не замужем","0","0","0","0","68.1"
"26034","42","Москва","2","","ООО ФЛОРИСЭЙЛ","85000","Не женат / не замужем","0","0","0","0","9.4"
"26071","30","Омская","2","","ИП Немкова Мария Анатольевна","35000","Женат / замужем","0","0","0","0","31.1"
"26433","23","Калужская","1","","ООО ""АВТОМОЙКА""","55000","Не женат / не замужем","0","0","0","0","17.7"
"26822","61","Дагестан","1","","ЛИПЕЦ КРОВЛЯ","60000","Женат / замужем","","","0","0","7.5"
"26828","22","Краснодарский","2","","УЧРЕЖДЕНИЕ ГБУЗ ДККБ","60000","Женат / замужем","0","0","0","0","78.6"
"26831","22","Воронежская","2","","ИП ШАБАНОВ","40000","Не женат / не замужем","0","0","0","0","34.8"
"26837","44","Воронежская","2","","САМОЗАНЯТАЯ","30000","Разведен / Разведена","0","0","0","0","47.7"
"26850","48","Москва","2","","ООО ШТРОМ","92000","Неизвестно","0","0","0","0","29"
"26870","28","Брянская","2","","ИП Кочергина Анастасия Сергеевна","70000","Неизвестно","0","0","0","0","30.8"
"26929","56","Москва","2","","ООО ЦЕНТР ОХРАНЫ ЗРЕНИЯ ДЕТЕЙ И ПОДРОСТКОВ ""ЯСНЫЙ ВЗОР""","45000","Неизвестно","0","0","0","0","18"
"26931","38","Омская","2","","СТРОИТЕЛЬНЫЕ МАТЕРИАЛЫ СИБИРЬ","50000","Неизвестно","0","0","0","0","2.7"
"26935","43","Воронежская","1","","ООО ""ЭНЕРГОН АГРО""","45000","Не женат / не замужем","0","0","0","0","42.4"
"26939","50","Камчатский","1","","ЧАСТНИК","90000","Неизвестно","0","0","0","0","52"
"26952","24","Санкт-Петербург","2","","ООО ДЕНТАВЕНЮ","25000","Неизвестно","0","0","0","0","56.2"
"26958","54","Ульяновская","2","","ООО СОЗВЕЗДИЕ","30000","Разведен / Разведена","0","0","0","0","51.3"
"26959","34","Новгородская","2","","ООО ДСК ВАЛДАЙ","34000","Разведен / Разведена","0","0","0","0","30.4"
"26973","57","Новосибирская","1","","ООО АЛЕГРО БП","30000","Женат / замужем","0","0","0","0","21.5"
"26985","50","Новосибирская","1","","КПД - ГАЗСТРОЙ","40000","Неизвестно","0","0","0","0","17.4"
"26986","41","Московская","1","","АО ""ДАНОН РОССИЯ""","230000","Неизвестно","0","0","0","0","18.2"
"26988","39","Тверская","1","","ОБЩЕСТВО С ОГРАНИЧЕННОЙ ОТВЕТСТВЕННОСТЬЮ ""ТРАК КОРПОРЭЙШН""","86000","Неизвестно","0","0","0","0","24.2"
"26993","23","Ленинградская","1","","ООО ООО ""МАВИС""","150000","Не женат / не замужем","0","0","0","0","33.6"
"26994","68","Ленинградская","2","","ПЕНСИОННЫЙ ФОНД РФ","53000","Не женат / не замужем","0","0","0","0","58.1"
"27026","37","Мурманская","1","","ООО ЦЕХ № 9","60000","Женат / замужем","0","0","0","0","47.3"
"27030","58","Мордовия","2","","ИП САВОЧКИНА Л.И.","80000","Неизвестно","0","0","0","0","52.5"
"27085","45","Ставропольский","2","","ООО ""УРГУБА""","40000","Неизвестно","0","0","0","0","30"
"27096","49","Свердловская","2","","ООО ЧОП ""САТУРН-Е""","60000","Неизвестно","0","0","0","0","59.1"
"27124","42","Кемеровская область - Кузбасс","2","","ООО БАЙКАЛИТ","85000","Неизвестно","0","0","0","0","48.5"
"27161","58","Брянская","1","","ООО ""ОП ""РЖД-ОХРАНА""","53000","Неизвестно","0","0","0","0","61.7"
"27165","32","Ленинградская","2","","ООО ЭПИОНА","120000","Не женат / не замужем","0","0","0","0","130.8"
"27173","64","Ростовская","1","","ПЕНСИОННЫЙ ФОНД РФ","160000","Женат / замужем","0","0","0","0","77.3"
"27179","52","Московская","1","","ЯНДЕКС","190000","Неизвестно","0","0","0","0","7.5"
"27200","31","Ханты-Мансийский Автономный округ - Югра","2","","ГП № 3","40000","Женат / замужем","0","0","0","0","33.4"
"27208","62","Пермский","2","","ПЕНСИОННЫЙ ФОНД РФ","45000","Неизвестно","0","0","0","0","64.9"
"27227","44","Брянская","2","","ООО ""ГРОМАДА""","44000","Неизвестно","0","0","0","0","28.5"
"27229","33","Москва","1","","ГКУ ""ЦСТИСК"" МОСКОМСПОРТА","300000","Неизвестно","0","0","0","0","30"
"27268","32","Татарстан","1","","ОБЩЕСТВО С ОГРАНИЧЕННОЙ ОТВЕТСТВЕННОСТЬЮ ""МОБИЛЬНЫЙ ПАРТНЕР""","50000","Неизвестно","0","0","0","0","32.1"
"27273","57","Марий Эл","2","","ГРИШАНОВА А.А.","45000","Женат / замужем","0","0","0","0","127.1"
"27275","40","Сахалинская","1","","АО ""БЕЙКЕР ХЬЮЗ""","120000","Не женат / не замужем","0","0","0","0","38.9"
"27276","27","Санкт-Петербург","2","","ООО ГАЗПРОМ ЭНЕРГОХОЛДИНГ ИНДУСТРИАЛЬНЫЕ АКТИВЫ","80000","Не женат / не замужем","0","0","0","0","46.6"
"27284","47","Санкт-Петербург","1","","ООО ""СПЕЦИАЛЬНЫЕ ТЕХНОЛОГИИ""","385000","Не женат / не замужем","0","0","0","0","41.2"
"27287","42","Липецкая","2","","МБОУ ДОД ДЮШС","153000","Женат / замужем","0","0","0","0","121.8"
"27295","22","Северная Осетия - Алания","1","","ООО АЛКОМИР","85000","Не женат / не замужем","0","0","0","0","7.6"
"27300","53","Москва","2","","ООО КРАСНЫЙ ОКТЯБРЬ - РАССКАЗОВКА","50000","Не женат / не замужем","0","0","0","0","52.2"
"27349","24","Ямало-Ненецкий","2","","УЧРЕЖДЕНИЕ МУНИЦИПАЛЬНОЕ АВТОНОМНОЕ ДОШКОЛЬНОЕ ОБРАЗОВАТЕЛЬНОЕ УЧРЕЖДЕНИЕ ЖЕМЧУЖИНКА","95000","Не женат / не замужем","0","0","0","0","18.3"
"27372","37","Пермский","2","","ДЕПАРТАМЕНТ ИМУЩЕСТВЕННЫХ ОТНОШЕНИЙ АДМИНИСТРАЦИИ ГОРОДА ПЕРМИ","45000","Неизвестно","0","0","0","0","27.7"
"27374","26","Вологодская","2","","ИП Краснов Александр Александрович","40000","Женат / замужем","0","0","0","0","65.8"
"27415","55","Хакасия","2","","ООО ""СУЭК-ХАКАСИЯ""","80000","Неизвестно","0","0","0","0","79.8"
"27421","48","Москва","1","","ООО ""ЛУКОЙЛ-ТЕХНОЛОГИИ""","380000","Неизвестно","0","0","0","0","40.6"
"27423","49","Иркутская","1","","СЛУЖБА ПОТРЕБИТЕЛЬСКОГО РЫНКА И ЛИЦЕНЗИРОВАНИЯ ИРКУТСКОЙ ОБЛАСТИ","90000","Неизвестно","0","0","0","0","81.7"
"27424","36","Чувашская Республика -","2","","ИП ИСМАГИЛОВА НЕЗИЛЕ РАХИМУЛЛОВНА","80000","Женат / замужем","0","0","0","0","130.8"
"27426","50","Пензенская","2","","ИП ЮСКАЕВА Ф.Ж.","55000","Неизвестно","0","0","0","0","81.9"
"27428","66","Тульская","2","","ПЕНСИОННЫЙ ФОНД РОССИЙСКОЙ ФЕДЕРАЦИИ","60000","Разведен / Разведена","0","0","0","0","25.8"
"27430","40","Дагестан","2","","ГПОБУ РЕСПУБЛИКАНСКИЙ ПОЛИТЕХНИЧЕСКИЙ КОЛЛЕДЖ","80000","Неизвестно","0","0","0","0","121.8"
"27442","49","Пензенская","2","","УМВД РОССИИ","35000","Неизвестно","0","0","0","0","64.5"
"27444","42","Татарстан","1","","ооо челны мясо","80000","Неизвестно","0","0","0","0","16.2"
"27468","51","Владимирская","2","","ФГБОУ ВО ""ВГУ""","30000","Неизвестно","0","0","0","0","15"
"27480","38","Свердловская","2","","ООО ""ЦЕНТР ПОДГОТОВКИ ПРОФЕСИОНАЛОВ"" АРТ БРОУС","58000","Неизвестно","0","0","0","0","85.1"
"27500","28","Ханты-Мансийский Автономный округ - Югра","1","","СУПЕРФЛОРА","75000","Неизвестно","0","0","0","0","42.9"
"27503","40","Башкортостан","1","","ООО НЕФТЕПРОДУКТСЕРВИС","58000","Женат / замужем","0","0","0","0","45.8"
"27507","29","Москва","2","","КБ ?Ренессанс Кредит? (ООО)","100000","Неизвестно","0","0","0","0","23.4"
"27511","55","Ростовская","1","","ООО ИП МАЙГИБОР","50000","Неизвестно","0","0","0","0","39.4"
"27532","46","Татарстан","2","","САМОЗАНЯТЫЙ","130000","Неизвестно","0","0","0","0","37.5"
"27543","32","Санкт-Петербург","1","","ИП ХУДЯКОВ РОМАН КОНСТАНТИНОВИЧ","100000","Неизвестно","0","0","0","0","58"
"27560","69","Санкт-Петербург","2","","ГБУЗС ПБ ПОЛИКЛИНИКИ 24","40000","Не женат / не замужем","0","0","0","0","8.9"
"27566","59","Воронежская","2","","БУЗВО ""ВОКБ №2""","61000","Разведен / Разведена","0","0","0","0","4"
"27577","26","Тюменская","1","","ИП Хатагов Дзамболат Валентинович","63000","Неизвестно","0","0","0","0","5.5"
"27582","46","Томская","2","","ООО ""ПЕРВАЯ СВОБОДНАЯ ПЛАТФОРМА ЛЕГАЛЬНОЙ МУЗЫКИ""","93400","Неизвестно","0","0","0","0","9.6"
"27583","40","Ростовская","1","","НАО АЗОВСКАЯ СУДОВЕРФЬ","40000","Женат / замужем","0","0","0","0","28"
"27589","54","Тульская","1","","ФГБУ ""НМИЦ ОНКОЛОГИИ ИМ. Н.Н. БЛОХИНА"" МИНЗДРАВА РОССИИ","40000","Неизвестно","0","0","0","0","14.3"
"27605","36","Челябинская","2","","ООО ТЭС-ЧЕЛЯБИНСК","118000","Не женат / не замужем","0","0","0","0","75.4"
"27608","48","Москва","2","","ООО"" ЛЕНТА""","200000","Неизвестно","0","0","0","0","112.6"
"27611","45","Ставропольский","1","","МЕЖРЕГИОНАЛЬНЫЙ ОТДЕЛ ВНЕВЕДОМСТВЕННОЙ ОХРАНЫ Г ЕССЕНТУКИ ФГКУ УВО ВНГ","165000","Женат / замужем","0","0","0","0","18"
"27618","23","Ивановская","2","","ООО ""ТРИКОТАЖ НАТАЛИ""","50000","Не женат / не замужем","0","0","0","0","84.9"
"27625","46","Воронежская","1","","ИП САФОНОВ А. Ю.","100000","Неизвестно","0","0","0","0","20"
"27629","76","Москва","2","","ПЕНСИОННЫЙ ФОНД РФ","75000","Не женат / не замужем","0","0","0","0","6.9"
"27679","56","Калужская","2","","ООО ""РОССПЕЦИЗДЕЛИЯ""","66000","Неизвестно","0","0","0","0","47.9"
"27692","34","Кировская","2","","ПАО ВТБ 24","35000","Женат / замужем","0","0","0","0","61.6"
"27698","58","Краснодарский","1","","ООО ТРАССА","280000","Неизвестно","0","0","0","0","46.1"
"27716","56","Ставропольский","1","","АО ""ТАНДЕР""","28000","Женат / замужем","0","0","0","0","111.3"
"27729","24","Ханты-Мансийский Автономный округ - Югра","2","","ООО ""МЕРИДИАН""","100000","Не женат / не замужем","0","0","0","0","66.1"
"27733","50","Иркутская","2","","ИП ФЕДОРОВА МАРИЯ МИХАЙЛОВНА","25000","Женат / замужем","0","0","0","0","39.3"
"27738","53","Краснодарский","1","","НАО ФИРМА АГРОКОМПЛЕКС ИМ.Н.И.ТКАЧЕВА","185000","Не женат / не замужем","0","0","0","0","64.9"
"27739","26","Кировская","2","","ИП Суслопаров Роман Леонидович","91700","Неизвестно","0","0","0","0","46.7"
"27742","63","Московская","2","","ПУШКИНСКОЕ ООО""ГАЗПРОМ ТЕПЛОЭНЕРГО""","45000","Разведен / Разведена","0","0","0","0","28.6"
"27745","54","Дагестан","1","","ТАКСИ ""ДУБКИ""","80000","Женат / замужем","0","0","0","0","40.4"
"27753","29","Ханты-Мансийский Автономный округ - Югра","1","","ООО НЭДБАЙНЕТ ХОЛДИНГ","40000","Не женат / не замужем","0","0","0","0","35.4"
"27778","24","Ленинградская","2","","ООО ""БЕТА ИЖЕВСК""","80000","Не женат / не замужем","0","0","0","0","57.3"
"27779","40","Курская","2","","ЧАСТНЫЕ ВЫЕЗДЫ ПО РЕМОНТУ","35000","Женат / замужем","0","0","0","0","10"
"27780","22","Новосибирская","2","","ООО ГАРМОНИЯ","98000","Не женат / не замужем","0","0","0","0","25.9"
"27784","40","Марий Эл","2","","ОТДЕЛ ОБРАЗОВАНИЯ ПО ДЕЛАМ МОЛОДЕЖИ АДМИНИСТРАЦИИ МЕДВЕДЕВСКОГО МУНИЦИ","40000","Женат / замужем","0","0","0","0","22.5"
"27789","22","Пермский","2","","ООО САМОЗАНЯТЫЙ","40000","Не женат / не замужем","0","0","0","0","11.8"
"27799","29","Красноярский","1","","ОО ГУД РАЛЬФ","120000","Женат / замужем","0","0","0","0","44.2"
"27804","33","Нижегородская","2","","ООО БКФ","76000","Женат / замужем","0","0","0","0","49.9"
"27822","40","Северная Осетия - Алания","2","","ООО ""КПК""","43000","Неизвестно","0","0","0","0","95.7"
"27824","45","Ленинградская","1","","ООО ГТ ПРОЕКТ","220000","Разведен / Разведена","0","0","0","0","49.1"
"27834","39","Московская","2","","ООО ВЕРТИКАЛЬ-ИНФОРМ","93000","Неизвестно","0","0","0","0","51.2"
"27858","64","Пензенская","2","","ПЕНСИОННЫЙ ФОНД РФ","35000","Неизвестно","0","0","0","0","45"
"27864","30","Самарская","2","","ГБУЗ СО ""СПП №3"" СТОМАТОЛОГИЧЕСКОЕ ОТДЕЛЕНИЕ №5","40000","Неизвестно","0","0","0","0","138.1"
"27879","33","Тульская","1","","ООО ИП КОВЫРШИН А.В.","90000","Не женат / не замужем","0","0","0","0","58.6"
"27882","47","Москва","1","","ООО ГЛОБАЛ МЕДИА","100000","Женат / замужем","0","0","0","0","8.9"
"27885","46","Владимирская","2","","ООО ""ОПТИКСТАЙЛ""","70000","Не женат / не замужем","0","0","0","0","9.1"
"27887","37","Ростовская","2","","АО ""ПОЧТА БАНК""","48000","Женат / замужем","0","0","0","0","69"
"27906","54","Волгоградская","2","","ИП РЫЖКОВА Н.М.","40000","Вдовец / Вдова","0","0","0","0","49.5"
"27940","48","Москва","1","","ФГУП ЦНИИХМ","70000","Женат / замужем","0","0","0","0","82.2"
"27964","50","Москва","2","","МГТУ ИМ. Н.Э. БАУМАНА","150000","Не женат / не замужем","0","0","0","0","41.9"
"27980","39","Белгородская","1","","ООО РЕСУРС","50000","Неизвестно","0","0","0","0","38.8"
"27988","37","Марий Эл","2","","ГКУ МАРИЙСКАВТОДОР","85000","Разведен / Разведена","0","0","0","0","45.7"
"27995","34","Адыгея","2","","ООО ВЛАСЕНКО АЛЕКСАНДРА ВИТАЛЬЕВНА","39000","Женат / замужем","0","0","0","0","48.3"
"28001","50","Тверская","2","","МБДОУ детский сад 97","35010","Женат / замужем","0","0","0","0","16.5"
"28007","41","Кемеровская область - Кузбасс","1","","ООО ХОХЛАНД РУССЛАНД","95000","Женат / замужем","0","0","0","0","63.7"
"28075","55","Калининградская","2","","ИП ""ЛОГИНОВА К.Г""","50000","Неизвестно","0","0","0","0","78.8"
"28086","39","Тверская","1","","ООО ТД ХОЛДИНГ","45000","Женат / замужем","0","0","0","0","27.7"
"28089","31","Кабардино-Балкарская","1","","ООО ""МВМ""","30000","Женат / замужем","0","0","0","0","44.5"
"28093","36","Вологодская","1","","ООО ""АГРЕМАН""","160000","Неизвестно","0","0","0","0","38.9"
"28096","72","Северная Осетия - Алания","2","","ПФР","32000","Не женат / не замужем","0","0","0","0","51.2"
"28098","31","Самарская","2","","ООО МВД МСЧ","40000","Женат / замужем","0","0","0","0","33"
"28108","24","Краснодарский","2","","САМОЗАНЯТЫЙ","45000","Не женат / не замужем","0","0","0","0","40.5"
"28122","34","Белгородская","2","","ИП ПОПОВА ЕЛЕНА АЛЕКСАНДРОВНА","45000","Женат / замужем","0","0","0","0","39.3"
"28131","46","Краснодарский","1","","ОАО ""АГРОНОМ""","65000","Неизвестно","0","0","0","0","33.6"
"28132","53","Архангельская","1","","""СЕВЕРОДВИНСКАЯ ТЭЦ-1"" ГУПАО ""ТГК-2""","90000","Неизвестно","0","0","0","0","184.7"
"28137","38","Челябинская","2","","ЧДОУ ""ДЕТСКИЙ САД ""КОЛИБРИ""","80000","Не женат / не замужем","0","0","0","0","469.5"
"28144","44","Липецкая","2","","ООО ""ИНСАЙТ""","35000","Женат / замужем","0","0","0","0","29.1"
"28153","33","Московская","1","","ИП ГУРБАНОВ АФИС АМРАХ ОГЛЫ","135000","Женат / замужем","0","0","0","0","32"
"28159","50","Новосибирская","2","","МАУ ЛЦСОН КУПЕНСКОГО РАЙОНА НОВОСИБИРСКОЙ ОБЛАСТИ","48500","Разведен / Разведена","0","0","0","0","141.1"
"28164","33","Рязанская","2","","ИП КРАСНОВА А.И.","150000","Женат / замужем","0","0","0","0","67.5"
"28174","39","Мурманская","2","","АО ""КОВДОРСКИЙ ГОК""","100000","Женат / замужем","0","0","0","0","43.7"
"28178","38","Ханты-Мансийский Автономный округ - Югра","2","","ИП БАЛЬДЕР","40000","Женат / замужем","0","0","0","0","58.7"
"28197","49","Астраханская","2","","ИП УЗНЕЦОВА","103000","Неизвестно","0","0","0","0","8.8"
"28228","47","Московская","1","","ООО ""ШЕРЕМЕТЬЕВО ХЭНДЛИНГ""","96000","Неизвестно","0","0","0","0","11.6"
"28231","63","Татарстан","2","","ОАО КАЗАНСКИЙ ЗАВОД ЭЛЕКТРОПРИБОР","152000","Не женат / не замужем","0","0","0","0","40.9"
"28235","34","Северная Осетия - Алания","1","","ФКУ КП-3 УФСИН РОССИИ ПО РЕСПУБЛИКЕ СЕВЕРНАЯ ОСЕТИЯ - АЛАНИЯ","70000","Женат / замужем","0","0","0","0","55.6"
"28237","49","Оренбургская","2","","ИП ЗИННАТУЛЛИНА ЭЛЬВИРА РАФИСОВНА","80000","Неизвестно","0","0","0","0","77.3"
"28239","53","Омская","1","","БУЗОО ""КПБ ИМ. Н.Н. СОЛОДНИКОВА""","35000","Неизвестно","0","0","0","0","56.4"
"28275","69","Тверская","1","","ПФР","62000","Неизвестно","0","0","0","0","53"
"28276","54","Москва","1","","БФ ""СТАЛЬНАЯ ВЕРА""","200000","Не женат / не замужем","0","0","0","0","50.5"
"28278","30","Волгоградская","1","","ООО ЛОКОТЕХ-СЕРВИС","50000","Женат / замужем","0","0","0","0","8.6"
"28283","50","Кировская","1","","ООО ТД ФОРАС","75000","Неизвестно","0","0","0","0","20.7"
"28290","39","Пермский","2","","ООО ""ЭЛАР""","50000","Неизвестно","0","0","0","0","20.8"
"28297","50","Челябинская","2","","МБУЗ ССМП","15000","Неизвестно","0","0","0","0","29.1"
"28298","26","Ханты-Мансийский Автономный округ - Югра","1","","ПАО ""СУРГУТНЕФТЕГАЗ""","90000","Не женат / не замужем","0","0","0","0","37.5"
"28303","52","Чувашская Республика -","1","","ООО ТАТНЕФТЬ-АЗС ЦЕНТР","90000","Женат / замужем","0","0","0","0","48.9"
"28336","75","Ставропольский","2","","ПЕНСИОННЫЙ ФОНД РФ","43000","Вдовец / Вдова","0","0","0","0","31.9"
"28348","47","Ханты-Мансийский Автономный округ - Югра","1","","ОАО""РЖД""","120000","Неизвестно","0","0","0","0","46.6"
"28351","42","Ставропольский","1","","ПАО РУСГИДРО","65000","Разведен / Разведена","0","0","0","0","70"
"28368","31","Москва","1","","ИП ЛИПАТНИКОВ ЮРИЙ ПАВЛОВИЧ","180000","Не женат / не замужем","0","0","0","0","15.6"
"28370","74","Краснодарский","2","","ПЕНСИОННЫЙ ФОНД РФ","38000","Вдовец / Вдова","0","0","0","0","25.5"
"28374","42","Чувашская Республика -","2","","ИП АКАЗЕЕВА О. И.","28000","Женат / замужем","0","0","0","0","37"
"28375","25","Волгоградская","1","","ООО ""СП ДОНСКОЕ""","50000","Не женат / не замужем","0","0","0","0","61.7"
"28383","45","Самарская","2","","АНО ""ЦСОН ЮГО-ЗАПОДНОГО ОКРУГА""","50000","Разведен / Разведена","0","0","0","0","35.2"
"28386","35","Томская","1","","ООО ""МОТОСЕЗОН""","130000","Не женат / не замужем","0","0","0","0","40.4"
"28388","35","Красноярский","2","","ИНДИВИДУАЛЬНЫЙ ПРЕДПРИНИМАТЕЛЬ ВОЛОБУЕВА ЕЛЕНА НИКОЛАЕВНА","268000","Неизвестно","0","0","0","0","30.6"
"28394","69","Москва","2","","ООО ""ХЕЛП КОНСАЛТИНГ""","125000","Не женат / не замужем","0","0","0","0","44.8"
"28406","42","Омская","1","","ИП","180000","Женат / замужем","0","0","0","0","60.1"
"28414","56","Астраханская","2","","ИП ПАВЛОВА ЛАРИСА ГРИГОРЬЕВНА","70000","Неизвестно","0","0","0","0","46.2"
"28418","23","Удмуртская","2","","ООО ""ВЭЛКОМ ГРУП""","30000","Неизвестно","0","0","0","0","73.7"
"28969","27","Свердловская","2","","ООО КОЛХОЗНЫЙ ДВОР","95000","Неизвестно","0","0","0","0","57.3"
"29554","22","Башкортостан","2","","ООО АШАН","75000","Женат / замужем","0","0","0","0","77.1"
"29758","25","Кемеровская область - Кузбасс","1","","ООО АРТ-ЕЛЬ","40000","Не женат / не замужем","0","0","0","0","22.3"
"30049","28","Санкт-Петербург","1","","ООО ""БЭГ-ЛАЙН""","70000","Не женат / не замужем","0","0","0","0","24.3"
"30399","29","Самарская","1","","ООО ""АККРЕЦИЯ М""","36000","Не женат / не замужем","0","0","0","0","46.2"
"31060","42","Краснодарский","2","","ООО ""АГРОТОРГ""","45000","Не женат / не замужем","0","0","0","0","107.5"
"31394","22","Ханты-Мансийский Автономный округ - Югра","1","","НАО ТАНДЕР","55000","Не женат / не замужем","0","0","0","0","16.2"
"31912","25","Кабардино-Балкарская","2","","ООО ""ВЕЛЕС АГРО""","65000","Неизвестно","0","0","0","0","105"
"31972","63","Иркутская","2","","ИП МАРИНСКАЙТЕ ЮЛИЯ ИВАНОВНА","50000","Вдовец / Вдова","0","0","0","0","30"
"32053","33","Московская","2","","ООО ""ПРОФ ФУД СЕРВИС""","80000","Женат / замужем","0","0","0","0","77.9"
"32559","35","Москва","1","","ИП АШУРОВ АЙДАР АЙЮБОВИЧ","120000","Женат / замужем","0","0","0","0","1.7"
"32590","24","Ульяновская","2","","ООО ""МАГНИТ-С""","43000","Женат / замужем","0","0","0","0","4.2"
"32975","37","Дагестан","2","","МБДОУ №11 ""ЧЕБУРАШКА""","18000","Разведен / Разведена","0","0","0","0","14.3"
"33156","28","Тюменская","1","","ООО САМОЗАНЯТЫЙ","90000","Не женат / не замужем","0","0","0","0","52.9"
"33392","26","Оренбургская","2","","ИП Дашкина Ирина Петровна","100000","Не женат / не замужем","0","0","0","0","71.9"
"33674","36","Волгоградская","2","","ИП ШУНЯЙ ТАТЬЯНА ВЛАДИМИРОВНА","47000","Женат / замужем","0","0","0","0","6.8"
"33711","73","Приморский","1","","ПЕНСИОННЫЙ ФОНД РОССИЙСКОЙ ФЕДЕРАЦИИ","36000","Женат / замужем","0","0","0","0","22.5"
"33855","29","Самарская","2","","ИП РУСОВ ИЛЬЯ АЛЕКСАНДРОВИЧ","60000","Женат / замужем","0","0","0","0","33.2"
"34335","74","Самарская","2","","ПЕНСИОННЫЙ ФОНД РФ","35000","Не женат / не замужем","0","0","0","0","22"
"34405","50","Москва","2","","АТЕЛЬЕ ОЛЬГИ КУЗНЕЦОВОЙ","85000","Женат / замужем","0","0","0","0","162.6"
"34582","65","Краснодарский","1","","ПЕНСИОННЫЙ ФОНД РФ","22000","Женат / замужем","0","0","0","0","11.2"
"34674","76","Карачаево-Черкесская","2","","ООО ""ХАБЕЗСКИЙ ВОДОКАНАЛ""","46000","Разведен / Разведена","0","0","0","0","22.4"
"34735","39","Чеченская","1","","МБДОУ ""ДЕТСКИЙ САД №1 ""РАДУГА""","47000","Не женат / не замужем","0","0","0","0","54.6"
"35489","52","Москва","2","","ООО ФГАУ НЦЗД ЗДОРОВЬЕ ДЕТЕЙ","124000","Разведен / Разведена","0","0","0","0","87.7"
"35635","23","Санкт-Петербург","1","","АО ДЕНЕТ МАГНИТ","70000","Не женат / не замужем","0","0","0","0","3.3"
"35834","47","Карачаево-Черкесская","2","","ООО ""КОМПЛЕКСНЫЙ ЦЕНТР СОЦИАЛЬНОГО ОБСЛУЖИВАНИЯ НАСЕЛЕНИЯ""","78000","Разведен / Разведена","0","0","0","0","195.6"
"36115","36","Пермский","2","","ИП ЛЕСОВСКАЯ ТВ","35000","Женат / замужем","0","0","0","0","44.2"
"36244","23","Адыгея","1","","МГГТК ФГБОУ ВПО ""АГУ""","40000","Не женат / не замужем","0","0","0","0","10.3"
"36371","30","Нижегородская","2","","АО ТРАНСПНЕВМАТИКА","18000","Женат / замужем","0","0","0","0","7.1"
"36646","61","Кабардино-Балкарская","2","","ПФР КБР","65000","Вдовец / Вдова","0","0","0","0","122.9"
"36676","23","Дагестан","2","","ПРОДУКТОВЫЙ МАГАЗИН","30000","Не женат / не замужем","0","0","0","0","86.5"
"36679","21","Саратовская","2","","ООО ""СПОРТМАСТЕР""","25000","Не женат / не замужем","0","0","0","0","11.6"
"36700","36","Новосибирская","1","","ООО СИТ СТРОЙ МАСШТАБ","150000","Не женат / не замужем","0","0","0","0","33.3"
"36720","24","Вологодская","2","","ПАО ВТБ","85000","Не женат / не замужем","0","0","0","0","143.2"
"36723","22","Ставропольский","2","","ООО ""ОВОЩИ СТАВРОПОЛЬЯ""","60000","Не женат / не замужем","0","0","0","0","36.1"
"37295","22","Курская","2","","АО ""КОРПОРАЦИЯ ""ГРИНН""","70000","Не женат / не замужем","","","0","0","30.1"
"37340","30","Ульяновская","2","","ООО ""СИМБИРСКМУКА""","57000","Не женат / не замужем","0","0","0","0","59.4"
"37369","26","Краснодарский","2","","ИП ЛАТЫШЕВ ИГОРЬ ИГОРЕВИЧ","45000","Не женат / не замужем","0","0","0","0","39.8"
"37824","39","Чувашская Республика -","2","","НАО ТАНДЕР","50000","Разведен / Разведена","0","0","0","0","87.3"
"38611","22","Ростовская","2","","ООО ""МАГАЗИН ""НОВЫЙ""","53000","Не женат / не замужем","0","0","0","0","68"
"38649","37","Тульская","2","","ФИЛИАЛ № 3 ""САНАТОРИЙ ""СТРОИТЕЛЬ"" ООО ""ТУЛАСТРОЙСЕРВИС""","20000","Женат / замужем","0","0","0","0","63.9"
"38695","22","Кировская","2","","ООО ООО СПП ""ВКУСНО И ТОЧКА""","120000","Не женат / не замужем","0","0","0","0","99.2"
"38850","26","Иркутская","1","","ООО МИП ""НОВОЯМСКОЕ""","30000","Не женат / не замужем","0","0","0","0","56.1"
"38866","43","Липецкая","1","","ООО ""ПЭК""","150000","Женат / замужем","","","0","0","43.7"
"39035","35","Чеченская","1","","ЦРБ ГУДЕРМЕССКАЯ","67000","Не женат / не замужем","0","0","0","0","39.4"
"39089","54","Башкортостан","1","","ООО СТРОЙТРАНСНЕФТЬГАЗ","100000","Неизвестно","0","0","0","0","44.9"
"1251","28","Московская","2","","ПАО ""МОЭСК""","80000","Неизвестно","0","0","0","0","21.7"
"1256","29","Краснодарский","2","","ИП АСТИКОВА А.А.","30000","Неизвестно","0","0","0","0","47.8"
"1282","28","Карачаево-Черкесская","2","","ООО ИМПЕРИАЛ","65000","Неизвестно","0","0","0","0","79"
"1284","54","Тульская","2","","МУП ООО КСО","65000","Неизвестно","0","0","0","0","84"
"1320","28","Свердловская","2","","МБДОУ ""ЗОЛОТОЙ ПЕТУШОК""","25000","Неизвестно","0","0","0","0","112.8"
"1342","25","Омская","1","","ИП БАЛАНОВСКИЙ ИЛЬЯ ЮРЬЕВИЧ","80000","Неизвестно","0","0","0","0","11.4"
"1360","30","Кемеровская область - Кузбасс","2","","ИП ГОРЛОВ А. А","63000","Неизвестно","0","0","0","0","10.7"
"1368","37","Ставропольский","1","","ООО БНБ","65000","Неизвестно","0","0","0","0","138"
"1369","50","Новосибирская","1","","ООО СИБИРСКИЕ КОММУНИКАЦИИ","100000","Неизвестно","0","0","0","0","128.6"
"1373","27","Краснодарский","2","","ОООГРАНД СТРОЙ","57000","Неизвестно","0","0","0","0","10.9"
"1385","31","Кировская","1","","ИП ЮДИНЦЕВ ВАЛЕРИЙ СЕРГЕЕВИЧ","100000","Неизвестно","0","0","0","0","87.3"
"1428","42","Иркутская","1","","ООО АО ГРУППА ИЛИМ","80000","Неизвестно","0","0","0","0","49.9"
"1444","66","Кабардино-Балкарская","2","","ПЕНСИОННЫЙ ФОНД РОССИИ","27200","Неизвестно","","","0","0","69.8"
"1467","46","Владимирская","1","","ООО СПЕЦСТРОЙМАШИНА","50000","Неизвестно","0","0","0","0","68.8"
"1482","50","Краснодарский","1","","ООО ПОБЕДА","125000","Неизвестно","0","0","0","0","38.1"
"1499","27","Хакасия","2","","ООО ТД ВСК","46000","Неизвестно","0","0","0","0","21.3"
"1549","67","Северная Осетия - Алания","2","","ООО ""ВИКАЛИНА","36000","Неизвестно","0","0","0","0","39.9"
"1713","37","Амурская","2","","ГАУЗ АО СП Г.БЛАГОВЕЩЕНСК","25000","Неизвестно","0","0","0","0","39.5"
"1719","34","Тульская","1","","ООО ННЭРЗЕС","60000","Неизвестно","0","0","0","0","45.7"
"1730","24","Челябинская","2","","ООО ТОРГОВЫЙ ДОМ ПЯТЕРОЧКА","40000","Неизвестно","0","0","0","0","2.3"
"3129","26","Башкортостан","1","","ООО ООО САТУРН","60000","Неизвестно","0","0","0","0","58.4"
"3142","27","Рязанская","1","","ИП НОВИКОВ Д.В.","150000","Неизвестно","0","0","0","0","44.2"
"3179","71","Орловская","2","","ПЕНСИОННЫЙ ФОНД РФ","15000","Неизвестно","0","0","0","0","7.6"
"3184","40","Москва","1","","ГБОУ ГОРОДА МОСКВЫ ТЕХНОЛОГИЧЕСКИЙ КОЛЛЕДЖ ? 21","60000","Неизвестно","0","0","0","0","55"
"3208","25","Самарская","1","","ООО ГАЗПРОМ ТРАНСГАЗ САМАРА","44000","Неизвестно","0","0","0","0","16.6"
"3231","39","Удмуртская","2","","ООО КРИСТАЛЛ","40000","Неизвестно","0","0","0","0","4.2"
"3465","31","Москва","2","","ГЛАВНОЕ УПРАВЛЕНИЕ ПО ЦАО МЧС РОССИИ ПО Г. МОСКВЕ","80000","Неизвестно","0","0","0","0","25.4"
"3480","41","Саратовская","1","","ООО ""РЕГИОН ЭКОПРОДУКТ-ПОВОЛЖЬЕ""","30000","Неизвестно","0","0","0","0","60.9"
"3481","36","Астраханская","2","","МАГАЗИН УНИВЕРСАЛЬНЫЙ","35000","Неизвестно","0","0","0","0","49.5"
"3497","52","Челябинская","2","","УПРАВЛЕНИЕ КУЛЬТУРЫ ПО ДЕЛАМ КУЛЬТУРЫ АДМИНИСТРАЦИИ ГОРОДА КАРТАЛЫ","35000","Неизвестно","0","0","0","0","5.5"
"3611","57","Санкт-Петербург","2","","ООО ""УК ""КОСМОСЕРВИС ВТОРАЯ""","35000","Неизвестно","0","0","0","0","62.7"
"3781","40","Чеченская","2","","МБДОУ ДЕТСКИЙ САД?1""СОЛНЫШКО""","32700","Неизвестно","0","0","0","0","69.7"
"3790","67","Псковская","1","","ПЕНСИОННЫЙ ФОНД РФ","11000","Неизвестно","","","0","0","15.6"
"3800","38","Пензенская","2","","ПО СТАРТ-УЮТ","40000","Неизвестно","0","0","0","0","61.1"
"3816","33","Нижегородская","1","","ИМЛАЙТ-НН","80000","Неизвестно","0","0","0","0","69.4"
"3820","26","Омская","2","","ИП ШАРИПОВ АНВАР НУРИДИНОВИЧ","43000","Неизвестно","0","0","0","0","463.4"
"3837","27","Башкортостан","1","","ИП СЕРГЕЕВ Н.А","50","Неизвестно","0","0","0","0","27.4"
"3883","45","Оренбургская","2","","ИП БИРЮКОВА Т. П.","35000","Неизвестно","0","0","0","0","89"
"1741","30","Свердловская","1","","УМВД РОССИИ ПО Г. ЕКАТЕРИНБУРГУ","40000","Неизвестно","0","0","0","0","45.1"
"1744","41","Северная Осетия - Алания","1","","АО ""РОКОС""","35000","Неизвестно","0","0","0","0","75.3"
"1755","70","Саратовская","2","","ПФР","45000","Неизвестно","","","0","0","67.1"
"1765","28","Мордовия","1","","ФКУ ИК 14 УФСИН РОССИИ ПО РМ","42000","Неизвестно","0","0","0","0","39.1"
"1797","36","Калмыкия","2","","ООО СЕВЕН","80000","Неизвестно","0","0","0","0","86"
"1803","32","Северная Осетия - Алания","2","","ИП ДЗАСОХОВА Н А","170000","Неизвестно","0","0","0","0","72.2"
"1812","23","Алтайский","2","","ИП СЕРИКОВ АЛЕКСАНДР ВАСИЛЬЕВИЧ","98000","Неизвестно","0","0","0","0","134"
"1819","70","Владимирская","2","","ПЕНСИОНЕР","43500","Неизвестно","0","0","0","0","20"
"1821","52","Адыгея","1","","ООО ""ОРАНЖЕРЕИНСКИЕ ДЕЛИКАТЕСЫ""","35000","Неизвестно","","","0","0","7.6"
"1844","30","Челябинская","2","","ИП ЯХИНА Е.А.","90000","Неизвестно","0","0","0","0","52"
"1852","71","Северная Осетия - Алания","2","","ПФР","37600","Неизвестно","0","0","0","0","77.4"
"1987","29","Свердловская","1","","ООО ТК ""УРАЛ ТОЙЗ""","80000","Неизвестно","0","0","0","0","55.2"
"2002","33","Ростовская","1","","САМОЗАНЯТ","50000","Неизвестно","0","0","0","0","10.7"
"2028","62","Саратовская","2","","САРАТОВСКАЯ ОБЛАСТНАЯ ОРГАНИЗАЦИЯ ПРОФСОЮЗОВ РАБОТНИКОВ АПК РФ","75000","Неизвестно","0","0","0","0","48.8"
"2077","25","Кабардино-Балкарская","2","","ООО ШАРМ","58000","Неизвестно","0","0","0","0","98.3"
"2087","30","Приморский","2","","ИП ЧЕПУСОВА","89000","Неизвестно","0","0","0","0","124.1"
"2103","64","Московская","1","","ООО ОРБИТ","56000","Неизвестно","0","0","0","0","36.5"
"2108","24","Краснодарский","1","","ССК","55000","Неизвестно","0","0","0","0","10.1"
"2127","27","Дагестан","2","","КАФЕ","93000","Неизвестно","0","0","0","0","52.3"
"2130","28","Вологодская","1","","ООО ИНФРАСТРУКТУРА ТК","114000","Неизвестно","0","0","0","0","40.9"
"2149","64","Самарская","2","","ПФ РФ","37000","Неизвестно","0","0","0","0","364.5"
"2289","36","Санкт-Петербург","1","","ИП ГОНЧАРЕНКО А. С.","200000","Неизвестно","0","0","0","0","30.2"
"2296","24","Иркутская","2","","ИП БЕЗРУКИХ Е.В","35000","Неизвестно","0","0","0","0","9.4"
"2304","27","Татарстан","2","","ООО СИТИ ЛИНГ","80000","Неизвестно","0","0","0","0","46.4"
"2309","50","Красноярский","2","","ИП ФИЛИПОВ С.Н.","60000","Неизвестно","0","0","0","0","84.2"
"2310","36","Пермский","2","","ПО ПОЧТА РОССИИ","23000","Неизвестно","0","0","0","0","39.1"
"2311","26","Ростовская","1","","ТЦ МАГНИТ","78000","Неизвестно","0","0","0","0","8.4"
"2312","26","Алтайский","1","","ООО РОЗНИКА К-1","60000","Неизвестно","0","0","0","0","15.1"
"2316","23","Кабардино-Балкарская","2","","ООО АГРОТОРГ ПЯТЕРОЧКА","20000","Неизвестно","0","0","0","0","14.1"
"34500","49","Москва","1","","ООО ""АЛЬДЕНО""","120000","Неизвестно","0","0","0","0","73.5"
"34800","61","Тамбовская","2","","ОАО БОНДАРСКОЕ","55000","Неизвестно","0","0","0","0","58.4"
"3917","36","Брянская","1","","АО ЦЕНТРАЛЬНАЯ ГОСТИНИЦА","315000","Неизвестно","0","0","0","0","59.4"
"3924","26","Кабардино-Балкарская","2","","КБГУ","31000","Неизвестно","0","0","0","0","56.5"
"3931","53","Калужская","2","","ГБУ ЦССВ ""ВОЗРОЖДЕНИЕ""","64500","Неизвестно","0","0","0","0","5.1"
"3966","34","Смоленская","2","","ООО ""АГРОТОРГ""","30000","Неизвестно","0","0","0","0","60.9"
"3981","23","Воронежская","2","","СПОРТМАСТЕР","120000","Неизвестно","0","0","0","0","6.3"
"3982","38","Новосибирская","2","","МБОУ ""УСТЬ-КУЙГИНСКАЯ СРЕДНЯЯ ОБЩЕОБРАЗОВАТЕЛЬНАЯ ШКОЛА""","40000","Неизвестно","0","0","0","0","49.9"
"4028","28","Северная Осетия - Алания","2","","ООО ""АПРЕЛЬ-КАВКАЗ""","100000","Неизвестно","0","0","0","0","35.1"
"4083","39","Пермский","2","","ИП ДАВЛЕТШИН","25000","Неизвестно","0","0","0","0","96.3"
"4089","34","Омская","2","","ООО НОВЫЙ КЛИМАТ","60000","Неизвестно","0","0","0","0","68.1"
"4096","58","Северная Осетия - Алания","1","","ООО ВМБУ СПЕЦЭКОСЕРВИС","25000","Неизвестно","0","0","0","0","122.5"
"4142","51","Удмуртская","2","","ООО АРТ","185000","Неизвестно","0","0","0","0","55.3"
"4150","37","Курганская","2","","ГБУ КАРГАПОЛЬСКАЯ БОЛЬНИЦА","24000","Неизвестно","0","0","0","0","58.5"
"4170","23","Карачаево-Черкесская","2","","РГБУЗ ЧГП","40000","Неизвестно","0","0","0","0","24.1"
"4196","43","Липецкая","2","","ДОУ №1","65000","Неизвестно","0","0","0","0","120"
"4304","68","Новосибирская","1","","КФК РУССКОЕ ПОЛЕ","50000","Неизвестно","","","0","0","15.2"
"4322","35","Ставропольский","1","","АО ""ТРЕСТ СЗМА""","140000","Неизвестно","0","0","0","0","71.6"
"4332","53","Новосибирская","1","",".","300000","Неизвестно","0","0","0","0","107"
"4337","44","Кемеровская область - Кузбасс","1","","ЧАП СОКОЛ","65000","Неизвестно","0","0","0","0","46.5"
"4371","53","Рязанская","2","","РЯЗАНСКИЙ МЕДИЦИНСКИЙ КОЛЛЕДЖ","60000","Неизвестно","0","0","0","0","15.5"
"4384","56","Омская","1","","ИП МАЛЫШЕВА ЮЛИЯ АЛЕКСАНДРОВНА","31000","Неизвестно","0","0","0","0","46.7"
"4386","49","Омская","1","","САМОЗАНЯТЫЙ","125000","Неизвестно","0","0","0","0","118"
"4394","38","Санкт-Петербург","1","","ООО ,, ЯНДЕКС ТАКСИ,,","90000","Неизвестно","","","0","0","62"
"13477","50","Санкт-Петербург","2","","ИП КАРМАНОВА","90000","Неизвестно","0","0","0","0","39.2"
"13520","29","Калининградская","1","","ООО ЭЛЛАДА ИНТЕРТЬРЕЙД","56000","Неизвестно","0","0","0","0","46.7"
"13571","30","Самарская","2","","ООО ""ЯНДЕКС.МАРКЕТ""","68000","Неизвестно","0","0","0","0","53.9"
"13594","25","Челябинская","2","","ИП ООО КУЛЬМА","250000","Неизвестно","0","0","0","0","129.5"
"13678","46","Калининградская","1","","ООО СДК СТРОЙ","100000","Неизвестно","0","0","0","0","65.7"
"13679","51","Калининградская","1","","ИП АЛИЕВ А.О ОГЛЫ","160000","Неизвестно","0","0","0","0","60.8"
"13713","33","Нижегородская","1","","ОАО ОКБМ","50000","Неизвестно","0","0","0","0","55.7"
"13743","25","Свердловская","2","","ООО ТРЭВЕЛ РИТЕЙЛ ДОМОДЕДОВО","53520","Неизвестно","0","0","0","0","96.7"
"13744","28","Санкт-Петербург","1","","ООО САНКТ ПЕТЕРФИСК","70000","Неизвестно","0","0","0","0","72.2"
"13763","32","Пензенская","2","","ООО МКК САТУРН ГАРАНТ","48000","Неизвестно","0","0","0","0","60.4"
"13798","58","Ростовская","2","","ИП САМОЙЛОВА ЕЛЕНА МИХАЙЛОВНА","40000","Неизвестно","0","0","0","0","93.3"
"13813","33","Забайкальский","1","","МО МВД РОССИИ ""ПЕТРОВСК-ЗАБАЙКАЛЬСКИЙ""","77000","Неизвестно","0","0","0","0","104.3"
"13816","47","Дагестан","2","","МЕБЕЛЬНАЯ ФАБРИКА ""ШАНС""","35000","Неизвестно","","","0","0","17.9"
"13818","47","Липецкая","1","","ООО АПМ АРХМАСТЕР","67000","Неизвестно","0","0","0","0","59"
"13846","39","Орловская","1","","ООО ОРЛОВСКИЙ КАБЕЛЬНЫЙ ЗАВОД","30000","Неизвестно","0","0","0","0","30.4"
"13945","26","Ростовская","2","","ЛУИС+","38000","Неизвестно","0","0","0","0","41.4"
"14056","45","Московская","1","","ООО ""ДРАФТ ПИВО ДИСТРИБЬЮШН""","50000","Неизвестно","","","0","0","23.7"
"14072","23","Санкт-Петербург","2","","ООО ВАЙЛДБЕРРИЗ","55000","Неизвестно","0","0","0","0","28.7"
"14086","32","Удмуртская","1","","ООО ЭТЗ ЭНЕРГОРЕГИОН","60000","Неизвестно","0","0","0","0","14.8"
"14096","27","Челябинская","2","","ООО ООО ""ИНТЕРПАК-Н""","75000","Неизвестно","0","0","0","0","47.4"
"14097","36","Калужская","2","","ИП СОЛОМАТИНА КРИСТИНА АЛЕКСАНДРОВНА","50000","Неизвестно","0","0","0","0","45.3"
"14123","55","Москва","2","","ПАО КРАСНЫЙ ОКТЯБРЬ","90000","Неизвестно","0","0","0","0","21.9"
"14151","46","Калининградская","2","","АО ПОЧТА РОССИИ","37000","Неизвестно","0","0","0","0","13.4"
"23178","53","Самарская","2","","ИП","55000","Неизвестно","0","0","0","0","89.8"
"23254","37","Пермский","1","","ООО ЛУКОЙЛ-ПЕРМЬ","150000","Неизвестно","0","0","0","0","70.6"
"23326","49","Пензенская","2","","ЗАО КОНСТАНТИНОВО","35000","Неизвестно","0","0","0","0","94.5"
"23447","23","Удмуртская","2","","ООО ""ПЕРЕКРЁСТОК""","60000","Неизвестно","0","0","0","0","74.4"
"4396","27","Санкт-Петербург","2","","ООО ""ВИНЛАБ""","40000","Неизвестно","0","0","0","0","58.8"
"4457","50","Адыгея","2","","ООО РАЗДОЛЬЕ","50000","Неизвестно","0","0","0","0","74"
"4521","23","Томская","2","","ИП РЫЛИК ВЛАДИМИР ЮРЬЕВИЧ ТЕЛЕФОН ЧЕХОЛ","71000","Неизвестно","0","0","0","0","15.5"
"4541","29","Приморский","2","","ООО ВЛАДТОРГ ФИЛИАЛ В Г. УССУРИЙСКЕ","107000","Неизвестно","0","0","0","0","48.1"
"4564","28","Алтайский","2","","АО ТАНДЕР","49000","Неизвестно","0","0","0","0","97.9"
"4578","58","Московская","2","","ФГБУ НМИЦ ГЕМАТОЛОГИИ","80000","Неизвестно","0","0","0","0","18.7"
"4694","25","Санкт-Петербург","2","","ООО ПИЛКИ","85000","Неизвестно","0","0","0","0","84.1"
"4701","38","Краснодарский","1","","ВДЦ ОРЛЕНОК","35000","Неизвестно","0","0","0","0","2.9"
"4705","50","Санкт-Петербург","2","","ООО СЕЗОН","0","Неизвестно","0","0","0","0","10.9"
"4728","55","Москва","1","","ООО ФИРМА ""ОРХИДЕЯ-М""","120000","Неизвестно","0","0","0","0","40.8"
"4743","55","Москва","2","","А","120000","Неизвестно","0","0","0","0","44.3"
"4745","36","Красноярский","1","","ООО ?ЛИДЕР?","120000","Неизвестно","0","0","0","0","47.3"
"4779","25","Алтайский","1","","ООО ЦМТ НОВЫЙ МИР","65000","Неизвестно","0","0","0","0","111.6"
"4796","29","Адыгея","2","","ЭКСПРЕСС-КУБАНЬ ООО","80000","Неизвестно","0","0","0","0","87.3"
"4834","28","Ивановская","1","","ООО ИП ДЕНИСОВА НАТАЛИЯ ПЕТРОВНА","31700","Неизвестно","0","0","0","0","34.2"
"4844","39","Ставропольский","2","","ОТДЕЛ МВД РОССИИ ПО АЛЕКСАНДРОВСКОМУ РАЙОНУ","25000","Неизвестно","0","0","0","0","15.5"
"4855","68","Ленинградская","1","","ПЕНСИОННЫЙ ФОНД РОССИЙСКОЙ ФЕДЕРАЦИИ","16000","Неизвестно","","","0","0","27.4"
"4859","43","Марий Эл","2","","ИП ОРЕШИН Д. Д","34000","Неизвестно","0","0","0","0","2.6"
"4872","51","Краснодарский","2","","ПЕНСИОННЫЙ ФОНД","10000","Неизвестно","0","0","0","0","143.4"
"4909","36","Московская","1","","ООО ЛЮКС АБС","85000","Неизвестно","0","0","0","0","56.5"
"4935","26","Саратовская","1","","ОАО ""РЖД"" ЦДИ","32000","Неизвестно","0","0","0","0","18.2"
"4970","66","Карачаево-Черкесская","1","","ПФ РФ","71900","Неизвестно","0","0","0","0","93"
"4973","28","Приморский","2","","ИП СТОРОЖЕНКО ИГОРЬ ВАЛЕРЬЕВИЧ","110000","Неизвестно","0","0","0","0","87.1"
"5000","37","Татарстан","2","","ГАУЗ ПЕРИНАТАЛЬНЫЙ ЦЕНТР КДМЦ","28000","Неизвестно","0","0","0","0","73.2"
"14171","56","Саратовская","2","","ИП КАСТРЮКОВ","80000","Неизвестно","0","0","0","0","121.8"
"14191","61","Чеченская","2","","ПФР ПО ЧР","43280","Неизвестно","0","0","0","0","17.4"
"14244","69","Чеченская","2","","ПЕНСИОННЫЙ ФОНД","49800","Неизвестно","0","0","0","0","28.9"
"14259","26","Рязанская","2","","ИП ХОРОШИХ О.В","40000","Неизвестно","0","0","0","0","78.2"
"14261","62","Саратовская","2","","ПЕНСИОННЫЙ ФОНД РФ","28000","Неизвестно","0","0","0","0","75.5"
"14268","30","Чеченская","1","","МБОУ СОШ ?9","32000","Неизвестно","0","0","0","0","10.4"
"14288","23","Санкт-Петербург","1","","ООО ПСКА","60000","Неизвестно","0","0","0","0","6.5"
"14328","64","Тюменская","1","","ЧОП ""ЩИТ""","78000","Неизвестно","0","0","0","0","29.9"
"14409","49","Дагестан","2","","ООО БАССЕЙН","30000","Неизвестно","0","0","0","0","29.4"
"14413","44","Москва","2","","МПЗ ""МЯСНИЦКИЙ РЯД""","70000","Неизвестно","0","0","0","0","51.4"
"14440","34","Северная Осетия - Алания","2","","СЕВЕРО-КАВКАЗХСКИЙ ФИЛИАЛ ООО ФОН","36000","Неизвестно","0","0","0","0","16.5"
"14443","74","Иркутская","2","","ПФР","45000","Неизвестно","0","0","0","0","42.3"
"14480","60","Иркутская","2","","ПЕНСИОННЫЙ ФОНД РФ","20000","Неизвестно","0","0","0","0","8.2"
"14639","43","Владимирская","2","","ИП","70000","Неизвестно","0","0","0","0","190.9"
"14640","40","Амурская","2","","ООО ""АМУРСКИЙ ПЕКАРЬ""","19990","Неизвестно","0","0","0","0","81.6"
"14643","61","Челябинская","1","","ТАКСИ ИНТЕРСИТИ","71000","Неизвестно","0","0","0","0","30.9"
"14646","55","Пермский","2","","ИП ИНДИВИДУАЛЬНЫЙ ПРЕДРИНИМАТЕЛЬ","20000","Неизвестно","0","0","0","0","20.3"
"14649","29","Ханты-Мансийский Автономный округ - Югра","1","","ПАО ""СУРГУТНЕФТЕГАЗ""","60000","Неизвестно","0","0","0","0","44.7"
"14653","36","Москва","2","","ООО ""КАПИТАЛ""","160000","Неизвестно","0","0","0","0","48.7"
"14717","40","Москва","1","","ООО""ИМПУЛЬС""","80000","Неизвестно","0","0","0","0","16.2"
"23260","27","Красноярский","2","","МАКСИМИЛИАНС","90000","Неизвестно","0","0","0","0","122.5"
"23302","63","Свердловская","2","","ПФР","35000","Неизвестно","0","0","0","0","56.1"
"5029","64","Кабардино-Балкарская","2","","ФГКУ УВО ВНГ РОССИИ ПО КБР","25000","Неизвестно","0","0","0","0","52.1"
"5034","23","Бурятия","1","","РОСГВАРДИЯ ПО РЕСПУБЛИКЕ БУРЯТИЯ","95000","Неизвестно","0","0","0","0","45.9"
"5050","53","Татарстан","2","","ППО ФГУП ""ПОЧТА РОССИИ""","28000","Неизвестно","0","0","0","0","51.5"
"5057","27","Астраханская","1","","31000","54000","Неизвестно","0","0","0","0","89.3"
"5073","41","Волгоградская","2","","АО ВОЛЖСКИЙ ТРУБНЫЙ ЗАВОД","30000","Неизвестно","0","0","0","0","59.8"
"5080","23","Белгородская","2","","АО ""КОМБИНАТ КМАРУДА""","37000","Неизвестно","0","0","0","0","32.3"
"5101","39","Кабардино-Балкарская","2","","МКДОУ ""ДЕТСКИЙ САД №4"" С.П. АРГУДАН","80000","Неизвестно","0","0","0","0","28.3"
"5122","23","Ханты-Мансийский Автономный округ - Югра","1","","ООО НВДС","130000","Неизвестно","","","0","0","31"
"5123","62","Липецкая","1","","ИП КУЗНЕЦОВ А В","80000","Неизвестно","0","0","0","0","59.6"
"5134","34","Московская","1","","ОАО СБЕРБАНК РОССИИ","70000","Неизвестно","0","0","0","0","40.6"
"5139","37","Забайкальский","2","","КБЕ РЖД МЕДИЦИНА","50000","Неизвестно","0","0","0","0","53.5"
"5143","27","Тульская","1","","АО ШЕНКЕР","40000","Неизвестно","0","0","0","0","35.9"
"5168","34","Самарская","1","","КРАСНОЕ И БЕЛОЕ","35000","Неизвестно","0","0","0","0","36"
"5208","39","Московская","2","","АО НЕИ","190000","Неизвестно","0","0","0","0","293.2"
"5279","54","Ставропольский","2","","ИП АКОПОВ М. Ю.","102000","Неизвестно","0","0","0","0","38.1"
"5281","40","Ярославская","2","","ИП ЗУИКОВА Е А","70000","Неизвестно","0","0","0","0","65.9"
"5296","26","Омская","2","","ИП""МАТВЕЙЧУК ЕЛЕНА ВЛАДИМИРОВНА""","60000","Неизвестно","0","0","0","0","50.4"
"5306","47","Московская","1","","ООО ""КУПИШУЗ""","164000","Неизвестно","0","0","0","0","105.9"
"5309","56","Ленинградская","1","","ООО ""ПТК""","130000","Неизвестно","0","0","0","0","146"
"5311","34","Москва","1","","ООО СВАРМОНТАЖСТРОЙ","60000","Неизвестно","0","0","0","0","1269.4"
"5319","25","Тульская","1","","ООО ИПСК ТЭСК","250000","Неизвестно","0","0","0","0","48.7"
"5332","51","Кировская","2","","ГБУ ЖИЛИЩНИК РАЙОНА МЕТРОГОРОДОК","56000","Неизвестно","0","0","0","0","43.5"
"5346","53","Чувашская Республика -","2","","ООО ВИТАСНАБ","170000","Неизвестно","0","0","0","0","7.9"
"5349","61","Дагестан","1","","ООО БИЗОН","50000","Неизвестно","0","0","0","0","41.9"
"5367","29","Ленинградская","1","","ООО БУРГЕР РУС","85000","Неизвестно","0","0","0","0","57.5"
"5385","70","Ханты-Мансийский Автономный округ - Югра","2","","ПЕНСИОНЕР","28950","Неизвестно","0","0","0","0","38.6"
"5388","34","Белгородская","2","","ОАО ""КОЛОС""","35000","Неизвестно","0","0","0","0","80.4"
"5407","50","Свердловская","2","","ООО ""СОЮЗ СВ. ИОАННА ВОИНА""","70000","Неизвестно","0","0","0","0","71.4"
"5412","28","Москва","1","","СБЕРМАРКЕТ","140000","Неизвестно","0","0","0","0","179.6"
"14766","28","Хакасия","1","","ООО ""СОВРУДНИК""","70000","Неизвестно","0","0","0","0","26.8"
"14770","27","Москва","1","","ООО УПАКОВКА СЕРВИС","50000","Неизвестно","0","0","0","0","46.4"
"14771","32","Ставропольский","1","","ООО ООО СЛВ ТОЙЕС","40000","Неизвестно","0","0","0","0","38.7"
"14789","44","Саратовская","1","","МЯСОКОМБИНАТ ХМЕЛЕВСКИЕ КОЛБАСЫ","45000","Неизвестно","0","0","0","0","2.5"
"14810","68","Брянская","2","","ПЕНСИОННЫЙ ФОНД РФ","12000","Неизвестно","0","0","0","0","26"
"14817","31","Пензенская","2","","РЕНЕССАНС","45000","Неизвестно","0","0","0","0","64.1"
"14846","23","Волгоградская","1","","ООО ""ССТЭНЕРГОМОНТАЖ""","170000","Неизвестно","0","0","0","0","111.8"
"14862","25","Новосибирская","2","","ВЕТУЧАСТОК ГОРОДА БОЛОТНОЕ","15000","Неизвестно","0","0","0","0","7.6"
"15028","24","Приморский","1","","ФИЛИАЛ АО ""АБ ИНБЕВ ЭФЕС"" (Г ВЛАДИВОСТОК)","50000","Неизвестно","0","0","0","0","13.4"
"15041","27","Алтайский","1","","ООО ЭНЕРГОСНАБ","50000","Неизвестно","0","0","0","0","88.5"
"15047","41","Московская","1","","ООО ДЕКОСТРУКТУР","315000","Неизвестно","0","0","0","0","63.5"
"15091","52","Оренбургская","2","","ГБУ КЦ СОН","98000","Неизвестно","0","0","0","0","57.5"
"15093","36","Дагестан","1","","ООО ""ЗОЛОТАЯ МИЛЯ""","60000","Неизвестно","0","0","0","0","23.5"
"15101","47","Ханты-Мансийский Автономный округ - Югра","2","","ВОСТОК","80000","Неизвестно","0","0","0","0","16.3"
"15164","22","Краснодарский","1","","ООО ""АТЛАС""","50000","Неизвестно","0","0","0","0","7.9"
"15193","38","Башкортостан","1","","ООО СУ-9","150000","Неизвестно","0","0","0","0","128.4"
"15211","26","Красноярский","2","","ООО БИЗНЕС ТЕХНОЛОГИИ","35000","Неизвестно","0","0","0","0","16.5"
"15262","27","Краснодарский","2","","ООО БЛЕСК","60000","Неизвестно","0","0","0","0","46.1"
"15292","36","Москва","2","","ООО ЯМ РЕСТОРАН ЯША","60000","Неизвестно","0","0","0","0","29.9"
"15307","25","Татарстан","2","","ООО ""АЛЬКОР И КО""","80000","Неизвестно","0","0","0","0","96.3"
"23608","43","Московская","2","","ГБУЗ МО ПО ?6","50000","Неизвестно","0","0","0","0","33.1"
"23475","53","Московская","1","","ООО ТЕХНОЛИДЕР","90000","Неизвестно","0","0","0","0","37.9"
"23226","53","Ростовская","2","","АО ТАНДЕР","23000","Неизвестно","0","0","0","0","50.7"
"23462","36","Воронежская","1","","ОАО ЭФФЕКТИВНАЯ ЭКСПЛУАТАЦИЯ","70000","Неизвестно","0","0","0","0","106.5"
"23580","71","Мурманская","2","","ПЕНСИОННЫЙ ФОНД РФ","33000","Неизвестно","0","0","0","0","45.4"
"23834","54","Адыгея","2","","ОАО СОЧИНСКИЙ МЯСОКОМБИНАТ","42000","Неизвестно","0","0","0","0","59.2"
"31199","44","Саратовская","2","","ИП НИКИТИНА А.И. МАГ. БУКИНИСТ","15000","Неизвестно","0","0","0","0","32.2"
"5447","28","Удмуртская","1","","ООО ТОРГОВЫЙ ДОМ ИГРИНСКИЙ МЯСОКОМБИНАТ","60000","Неизвестно","0","0","0","0","54.8"
"5452","32","Хакасия","1","","ИП НАВОЖЕНОВ ВИТАЛИЙ МИХАЙЛОВИЧ","35000","Неизвестно","0","0","0","0","74.8"
"5482","47","Коми","2","","АО ""ТАНДЕР""","25000","Неизвестно","0","0","0","0","61.2"
"5503","23","Краснодарский","2","","ИП ДЗЮБА ОЛЬГА ВЛАДИМИРОВНА","26000","Неизвестно","0","0","0","0","3.3"
"5517","65","Ханты-Мансийский Автономный округ - Югра","2","","ПФР","85000","Неизвестно","0","0","0","0","103.5"
"5539","39","Омская","2","","НОУ ВПО ""ИРСИД""","73000","Неизвестно","0","0","0","0","114.4"
"5549","58","Краснодарский","2","","ООО ЛОМБАРД ИЗУМРУДНЫЙ","85000","Неизвестно","0","0","0","0","61"
"5565","34","Омская","1","","ИП ТУРБИНА И.А.","38000","Неизвестно","0","0","0","0","43.3"
"5631","55","Самарская","2","","ИП ЕРЮТИН РОМАН МИХАЙЛОВИЧ","78000","Неизвестно","0","0","0","0","55.9"
"5661","65","Пензенская","1","","ГБУЗ ПЕНЗЕНСКИЙ ДОМ РЕБЕНКА","35200","Неизвестно","0","0","0","0","6.8"
"5669","28","Северная Осетия - Алания","1","","ГКПД БАВАРИЯ","40000","Неизвестно","0","0","0","0","55.8"
"5716","41","Челябинская","1","","ИП ШАРИПОВ А.З.","60000","Неизвестно","0","0","0","0","156.1"
"5742","39","Карачаево-Черкесская","2","","ИП ТЕУНАЕВА ЗОЯ ШАМИЛЬЕВНА","120000","Неизвестно","0","0","0","0","97.3"
"5780","32","Воронежская","2","","ЗАО ТАНДЕР","50000","Неизвестно","0","0","0","0","12.8"
"5789","34","Краснодарский","2","","ГБУЗ №3","27000","Неизвестно","0","0","0","0","8.9"
"5825","43","Алтайский","1","","ИП ЖУГАН Д. В.","100000","Неизвестно","0","0","0","0","127.7"
"15345","45","Новосибирская","1","","ООО ОРМИС","40000","Неизвестно","0","0","0","0","21.4"
"15401","37","Москва","1","","ООО АВТОСОЮЗ ПОБЕДА","80000","Неизвестно","0","0","0","0","43.8"
"15418","23","Ростовская","2","","НАО ОТП БАНК","45000","Неизвестно","0","0","0","0","73.2"
"15438","39","Московская","1","","ООО АРСТ","80000","Неизвестно","0","0","0","0","73.6"
"15476","37","Санкт-Петербург","1","","ТЕХНОПАРК","80000","Неизвестно","0","0","0","0","50.3"
"15506","41","Ставропольский","1","","САМОЗАНЯТЫЙ","73000","Неизвестно","0","0","0","0","18.8"
"15517","29","Пермский","2","","ИП ПРУДНИКОВ Н.В.","69000","Неизвестно","0","0","0","0","74.3"
"15518","57","Краснодарский","1","","ООО НПО ЭТАЛОН","25000","Неизвестно","0","0","0","0","100.9"
"15539","40","Самарская","2","","ООО ""ТК МКВ""","55000","Неизвестно","0","0","0","0","5.8"
"15546","43","Ставропольский","1","","ОАО НИЖНЕВАРТОВСК НЕФТЕГЕОФИЗИКА","80000","Неизвестно","0","0","0","0","7.2"
"15571","57","Кемеровская область - Кузбасс","1","","ООО","47000","Неизвестно","0","0","0","0","81.6"
"15597","39","Забайкальский","2","","ООО ВИТА СТОМ, ЧГМА","70000","Неизвестно","0","0","0","0","156.5"
"15609","46","Карачаево-Черкесская","2","","РГБУЗ ""КЦГРБ""","60000","Неизвестно","0","0","0","0","35.8"
"15621","58","Ханты-Мансийский Автономный округ - Югра","2","","ЧОП ПЕРИМЕТР","60000","Неизвестно","0","0","0","0","80.5"
"15663","29","Кемеровская область - Кузбасс","2","","ПАО ЮЖНЫЙ КУЗБАСС","110000","Неизвестно","0","0","0","0","115.5"
"15678","29","Орловская","2","","АО ТАНДЕР","52000","Неизвестно","0","0","0","0","76.8"
"15683","50","Краснодарский","2","","ООО ""ВОРОНЕЖСКИЙ ШАМПИНЬОН""","38000","Неизвестно","0","0","0","0","26.9"
"15685","28","Липецкая","1","","ООО БЕКАРТ ЛИПЕЦК","140000","Неизвестно","0","0","0","0","107.4"
"15688","25","Ростовская","1","","ООО СОКОЛ-МОТОРС","43000","Неизвестно","0","0","0","0","13.4"
"15704","53","Кировская","2","","СПК ПУСТОШИ","45000","Неизвестно","0","0","0","0","99.6"
"15709","45","Ростовская","2","","ООО АЛЬТАИР СМ","40000","Неизвестно","0","0","0","0","48.5"
"15753","23","Ставропольский","1","","ООО ЮГСТРОЙИНВЕСТ-РИЭЛТ","45000","Неизвестно","0","0","0","0","3.9"
"23971","31","Кабардино-Балкарская","2","","АО КОРПОРАЦИЯ ГЛОРИЯ ДЖИНС","66800","Неизвестно","0","0","0","0","16.1"
"31101","31","Челябинская","1","","ОАО МАГНЕЗИТ","45000","Неизвестно","0","0","0","0","48.5"
"31125","30","Иркутская","1","","ООО СИСТЕМА","180000","Неизвестно","0","0","0","0","169.4"
"31310","41","Чеченская","2","","МЕМОРИАЛЬНЫЙ КОМПЛЕКС "" АЛЕЯ СЛАВЫ"" Г. ГРОЗНЫЙ","49000","Неизвестно","0","0","0","0","113.2"
"31258","61","Самарская","1","","ООО ГОРПРОДУКТ","80000","Неизвестно","0","0","0","0","76.5"
"31049","53","Самарская","1","","ИП РУЗАНОВ СЕРГЕЙ АЛЕКСАНДРОВИЧ","70000","Неизвестно","0","0","0","0","46.3"
"31072","69","Волгоградская","2","","ПЕНСИОННЫЙ ФОНД РФ","10000","Неизвестно","0","0","0","0","78.7"
"23651","35","Волгоградская","1","","ООО ЧОО ГВАРДЕЕЦ","36000","Неизвестно","0","0","0","0","73.5"
"31314","55","Омская","1","","ПУР НЕФТЕГАЗ","80000","Неизвестно","0","0","0","0","40.3"
"31098","40","Татарстан","1","","ИП","90000","Неизвестно","0","0","0","0","49.2"
"31292","28","Санкт-Петербург","2","","ПАО ВКУСВИЛЛ","70000","Неизвестно","0","0","0","0","51.3"
"23909","65","Калининградская","2","","ПФР","41000","Неизвестно","0","0","0","0","145.6"
"23881","31","Ханты-Мансийский Автономный округ - Югра","1","","РН ЮГАНСКНЕФТЕГАЗ","100000","Неизвестно","0","0","0","0","124.1"
"5834","30","Ханты-Мансийский Автономный округ - Югра","2","","ООО ПРОФТЕХНАЛОГИИ","85000","Неизвестно","0","0","0","0","21.8"
"5847","44","Иркутская","1","","ИП МАРКОВ АНДРЕЙ НИКОЛАЕВИЧ","90000","Неизвестно","0","0","0","0","3.6"
"5858","37","Краснодарский","1","","ип зубаиров м х","230000","Неизвестно","0","0","0","0","66.7"
"5862","44","Москва","1","","ООО СТАР ПРОФИ","32000","Неизвестно","0","0","0","0","6.5"
"5863","27","Пермский","1","","ООО ""СВЕЗА-УРАЛЬСКИЙ""","35000","Неизвестно","0","0","0","0","12.3"
"5866","38","Санкт-Петербург","2","","НОТАРИАЛЬНАЯ КОНТОРА","60000","Неизвестно","0","0","0","0","38.2"
"5901","60","Тамбовская","1","","ОАО КОРПОРАЦИЯ РОСХИМЗАЩИТА","40000","Неизвестно","","","0","0","8.5"
"5938","32","Томская","2","","ОГБПОУ КСПК","78000","Неизвестно","0","0","0","0","78.8"
"6128","39","Ульяновская","2","","В/Ч 58661-85","78000","Неизвестно","0","0","0","0","53.7"
"6136","29","Владимирская","2","","ООО ""АЛИДИ""","30000","Неизвестно","0","0","0","0","92.5"
"6148","35","Северная Осетия - Алания","2","","ООО КАЛАШНИКОВ","65000","Неизвестно","0","0","0","0","108.5"
"6168","26","Самарская","2","","ООО БК МЕНЕДЖМЕНТ","40000","Неизвестно","0","0","0","0","61.3"
"6187","23","Самарская","1","","АО ЦЕНТРАЛЬНОЕ СТО","30000","Неизвестно","0","0","0","0","13.9"
"6196","61","Ямало-Ненецкий","2","","ПОЧТА РОССИИ","68000","Неизвестно","0","0","0","0","118.9"
"6246","46","Карачаево-Черкесская","2","","ИП БОГАТЫРЕВ МАГОМЕД ИСМАИЛОВИЧ","79000","Неизвестно","0","0","0","0","82.6"
"6266","39","Северная Осетия - Алания","2","","ИП ПСУНОКОВ М. А.","35000","Неизвестно","0","0","0","0","30.3"
"6291","45","Санкт-Петербург","1","","ООО БЕЛЬВЕДЕР","120000","Неизвестно","0","0","0","0","35.5"
"6297","33","Пермский","1","","ООО КУЕДИНСКИЙ МЯСОКОМБИНАТ","24000","Неизвестно","0","0","0","0","58.2"
"15792","34","Вологодская","2","","ИП НИКИТИНА И.М.","86000","Неизвестно","0","0","0","0","148.3"
"15793","57","Московская","1","","ИП СЕРГЕЕВ И.В.","160000","Неизвестно","0","0","0","0","117.8"
"15840","23","Ставропольский","2","","АО""ЗПЗ""","28000","Неизвестно","0","0","0","0","2.8"
"15843","35","Татарстан","2","","ИП ЯРМУХАМЕТОВА АЛЬБИНА ИЛЬДУСОВНА","210000","Неизвестно","0","0","0","0","22.9"
"15864","49","Чеченская","2","","УВМ МВД ПО ЧЕЧЕНСКОЙ РЕСПУБЛИКИ","72000","Неизвестно","0","0","0","0","55.2"
"15889","31","Ингушетия","1","","САМОЗАНЯТЫЙ","50600","Неизвестно","0","0","0","0","48.6"
"15915","34","Адыгея","1","","ООО МСКА АЛЬЯНС","126000","Неизвестно","0","0","0","0","16.3"
"15917","51","Краснодарский","1","","ИП ЕМУЗОВ АРСЕН СУЛТАНОВИЧ","22100","Неизвестно","0","0","0","0","45.3"
"16003","41","Пермский","1","","ИП ДОЛГАНОВ ДЕНИС НИКОЛАЕВИЧ","50000","Неизвестно","0","0","0","0","55.4"
"16030","44","Татарстан","2","","АО ЗВКС","43000","Неизвестно","0","0","0","0","9.9"
"16043","32","Свердловская","2","","ООО НОВОУРАЛЬСКИЙ МЯСНОЙ ДВОР","50000","Неизвестно","","","0","0","80.7"
"16046","40","Чеченская","1","","РОССГВАРДИЯ","112000","Неизвестно","0","0","0","0","59.8"
"16048","48","Московская","1","","ООО ВТОРТЕХМИКС","37000","Неизвестно","0","0","0","0","3.8"
"16098","34","Кемеровская область - Кузбасс","1","","ИП БУДНЕКОВ","30000","Неизвестно","0","0","0","0","30.4"
"16122","31","Москва","1","","АО ""ПИК-ИНДУСТРИЯ""","55000","Неизвестно","0","0","0","0","62.1"
"16128","38","Чеченская","2","","ОРГАНИЗАЦИЯ ООО ГАЗПРОМ МЕЖРЕГИОНГАЗ ГРОЗНЫЙ","45000","Неизвестно","0","0","0","0","75"
"16129","62","Ставропольский","1","","АО ТАНДЕР КИРОВСКОГО РАЙОНА","50000","Неизвестно","","","0","0","4.5"
